city,timestamp,ingestion_timestamp,aqi,pm25,pm10,o3,no2,so2,co,temperature,humidity,pressure,wind_speed,target_aqi,target_day,hour,day,month,day_of_week
"Karachi, Pakistan",2026-04-28 07:00:00,2026-04-28 07:00:00,64.8,18.8,82.0,11.9,12.8,1.7,0.28,28.6,84.1,1008.2,6.6,0.0,2026-05-01,7,28,4,1
"Karachi, Pakistan",2026-04-28 08:00:00,2026-04-28 08:00:00,65.7,19.1,84.1,5.5,13.4,4.4,0.37,27.9,78.5,1007.0,6.1,0.0,2026-05-01,8,28,4,1
"Karachi, Pakistan",2026-04-28 09:00:00,2026-04-28 09:00:00,65.6,18.4,84.6,10.2,16.2,3.5,0.41,28.2,78.4,1007.7,7.3,0.0,2026-05-01,9,28,4,1
"Karachi, Pakistan",2026-04-28 10:00:00,2026-04-28 10:00:00,73.7,23.9,102.7,10.0,13.0,2.4,0.22,27.3,82.8,1007.7,5.5,0.0,2026-05-01,10,28,4,1
"Karachi, Pakistan",2026-04-28 11:00:00,2026-04-28 11:00:00,81.9,26.0,114.6,12.7,13.7,1.5,0.21,29.7,76.4,1004.7,4.4,0.0,2026-05-01,11,28,4,1
"Karachi, Pakistan",2026-04-28 12:00:00,2026-04-28 12:00:00,74.6,23.7,102.7,21.2,12.8,5.8,0.12,30.1,80.0,1005.4,6.4,0.0,2026-05-01,12,28,4,1
"Karachi, Pakistan",2026-04-28 13:00:00,2026-04-28 13:00:00,75.4,26.6,101.7,10.7,14.3,1.9,0.32,30.7,73.6,1007.0,4.0,0.0,2026-05-01,13,28,4,1
"Karachi, Pakistan",2026-04-28 14:00:00,2026-04-28 14:00:00,73.2,21.9,96.4,23.7,16.8,4.9,0.36,31.8,79.3,1006.9,6.4,0.0,2026-05-01,14,28,4,1
"Karachi, Pakistan",2026-04-28 15:00:00,2026-04-28 15:00:00,72.0,23.9,97.8,23.9,11.8,2.8,0.14,33.1,70.5,1009.8,5.1,0.0,2026-05-01,15,28,4,1
"Karachi, Pakistan",2026-04-28 16:00:00,2026-04-28 16:00:00,71.0,20.4,96.8,15.7,10.6,3.7,0.28,33.9,73.3,1007.8,4.5,0.0,2026-05-01,16,28,4,1
"Karachi, Pakistan",2026-04-28 17:00:00,2026-04-28 17:00:00,63.7,18.4,77.9,15.4,15.1,2.9,0.11,33.5,77.4,1007.3,7.5,0.0,2026-05-01,17,28,4,1
"Karachi, Pakistan",2026-04-28 18:00:00,2026-04-28 18:00:00,72.6,22.5,97.9,27.9,16.3,6.2,0.19,34.2,69.1,1007.5,4.6,0.0,2026-05-01,18,28,4,1
"Karachi, Pakistan",2026-04-28 19:00:00,2026-04-28 19:00:00,71.1,22.1,92.2,21.7,15.3,3.6,0.19,35.2,72.6,1004.9,5.3,0.0,2026-05-01,19,28,4,1
"Karachi, Pakistan",2026-04-28 20:00:00,2026-04-28 20:00:00,72.5,22.6,98.2,17.1,11.9,3.4,0.29,34.5,69.9,1006.7,4.2,0.0,2026-05-01,20,28,4,1
"Karachi, Pakistan",2026-04-28 21:00:00,2026-04-28 21:00:00,62.1,19.6,79.4,13.0,13.1,3.3,0.26,34.7,72.8,1009.3,7.5,0.0,2026-05-01,21,28,4,1
"Karachi, Pakistan",2026-04-28 22:00:00,2026-04-28 22:00:00,69.6,20.5,93.3,21.2,14.8,3.4,0.36,34.9,71.2,1008.4,5.9,0.0,2026-05-01,22,28,4,1
"Karachi, Pakistan",2026-04-28 23:00:00,2026-04-28 23:00:00,64.4,19.0,76.9,13.8,16.1,6.1,0.22,35.0,73.1,1006.9,5.0,0.0,2026-05-01,23,28,4,1
"Karachi, Pakistan",2026-04-29 00:00:00,2026-04-29 00:00:00,64.1,18.5,83.0,22.3,15.3,1.3,0.24,33.8,75.6,1007.7,6.0,0.0,2026-05-02,0,29,4,2
"Karachi, Pakistan",2026-04-29 01:00:00,2026-04-29 01:00:00,61.8,18.6,75.5,19.2,15.9,2.9,0.1,33.2,73.2,1006.9,6.4,0.0,2026-05-02,1,29,4,2
"Karachi, Pakistan",2026-04-29 02:00:00,2026-04-29 02:00:00,59.1,16.9,73.8,26.1,14.7,2.3,0.25,31.9,76.3,1007.1,6.6,0.0,2026-05-02,2,29,4,2
"Karachi, Pakistan",2026-04-29 03:00:00,2026-04-29 03:00:00,58.1,15.9,69.4,27.8,10.2,1.6,0.25,30.0,77.4,1007.2,5.4,0.0,2026-05-02,3,29,4,2
"Karachi, Pakistan",2026-04-29 04:00:00,2026-04-29 04:00:00,62.0,16.6,75.5,16.1,15.7,2.5,0.24,30.5,76.9,1006.9,4.2,0.0,2026-05-02,4,29,4,2
"Karachi, Pakistan",2026-04-29 05:00:00,2026-04-29 05:00:00,56.4,14.1,67.0,23.3,8.0,4.1,0.29,28.0,76.9,1009.8,7.4,0.0,2026-05-02,5,29,4,2
"Karachi, Pakistan",2026-04-29 06:00:00,2026-04-29 06:00:00,62.9,18.3,81.5,15.9,14.8,1.9,0.25,28.1,81.8,1008.8,4.8,0.0,2026-05-02,6,29,4,2
"Karachi, Pakistan",2026-04-29 07:00:00,2026-04-29 07:00:00,62.0,18.6,75.0,7.4,15.7,1.9,0.23,27.8,79.2,1008.0,6.2,0.0,2026-05-02,7,29,4,2
"Karachi, Pakistan",2026-04-29 08:00:00,2026-04-29 08:00:00,62.8,17.8,80.5,19.0,14.8,1.4,0.41,27.3,83.0,1007.0,6.9,0.0,2026-05-02,8,29,4,2
"Karachi, Pakistan",2026-04-29 09:00:00,2026-04-29 09:00:00,64.9,19.2,82.7,16.4,14.2,2.6,0.23,28.0,81.2,1006.8,6.2,0.0,2026-05-02,9,29,4,2
"Karachi, Pakistan",2026-04-29 10:00:00,2026-04-29 10:00:00,76.8,21.7,105.4,12.2,12.9,1.9,0.22,29.4,79.3,1007.8,4.2,0.0,2026-05-02,10,29,4,2
"Karachi, Pakistan",2026-04-29 11:00:00,2026-04-29 11:00:00,70.1,21.0,96.8,19.7,15.3,3.2,0.19,30.2,76.8,1008.7,6.9,0.0,2026-05-02,11,29,4,2
"Karachi, Pakistan",2026-04-29 12:00:00,2026-04-29 12:00:00,71.9,23.8,94.5,11.1,13.3,3.3,0.12,29.0,81.1,1005.9,6.6,0.0,2026-05-02,12,29,4,2
"Karachi, Pakistan",2026-04-29 13:00:00,2026-04-29 13:00:00,73.5,22.8,93.9,16.1,18.8,1.7,0.24,29.8,75.0,1006.3,4.9,0.0,2026-05-02,13,29,4,2
"Karachi, Pakistan",2026-04-29 14:00:00,2026-04-29 14:00:00,69.1,21.1,93.8,26.6,15.3,2.1,0.18,31.9,77.6,1006.9,6.4,0.0,2026-05-02,14,29,4,2
"Karachi, Pakistan",2026-04-29 15:00:00,2026-04-29 15:00:00,70.5,22.3,94.7,20.4,10.8,0.7,0.17,33.6,75.4,1006.0,5.2,0.0,2026-05-02,15,29,4,2
"Karachi, Pakistan",2026-04-29 16:00:00,2026-04-29 16:00:00,66.1,20.1,85.0,15.8,11.5,1.5,0.14,31.9,74.1,1007.9,6.6,0.0,2026-05-02,16,29,4,2
"Karachi, Pakistan",2026-04-29 17:00:00,2026-04-29 17:00:00,70.4,20.3,96.4,25.1,12.4,4.6,0.19,34.4,73.1,1007.4,6.0,0.0,2026-05-02,17,29,4,2
"Karachi, Pakistan",2026-04-29 18:00:00,2026-04-29 18:00:00,70.6,21.7,94.7,18.2,18.0,1.4,0.18,34.5,70.3,1007.8,6.5,0.0,2026-05-02,18,29,4,2
"Karachi, Pakistan",2026-04-29 19:00:00,2026-04-29 19:00:00,70.6,21.4,91.1,16.7,13.1,6.3,0.16,36.0,69.5,1007.9,5.9,0.0,2026-05-02,19,29,4,2
"Karachi, Pakistan",2026-04-29 20:00:00,2026-04-29 20:00:00,69.2,21.1,90.9,14.8,14.9,4.8,0.15,35.4,69.9,1008.2,5.5,0.0,2026-05-02,20,29,4,2
"Karachi, Pakistan",2026-04-29 21:00:00,2026-04-29 21:00:00,77.6,25.1,104.6,21.6,13.4,1.0,0.21,34.7,74.9,1009.8,4.9,0.0,2026-05-02,21,29,4,2
"Karachi, Pakistan",2026-04-29 22:00:00,2026-04-29 22:00:00,69.6,21.0,89.8,8.5,18.2,1.4,0.19,35.0,72.7,1009.1,5.1,0.0,2026-05-02,22,29,4,2
"Karachi, Pakistan",2026-04-29 23:00:00,2026-04-29 23:00:00,66.2,19.8,85.5,20.7,10.3,5.7,0.18,33.8,70.5,1005.6,7.5,0.0,2026-05-02,23,29,4,2
"Karachi, Pakistan",2026-04-30 00:00:00,2026-04-30 00:00:00,60.8,15.5,74.8,15.2,13.2,6.3,0.27,34.0,71.6,1007.1,6.3,0.0,2026-05-03,0,30,4,3
"Karachi, Pakistan",2026-04-30 01:00:00,2026-04-30 01:00:00,66.5,20.5,85.1,29.2,13.6,5.6,0.24,31.2,74.8,1009.4,5.8,0.0,2026-05-03,1,30,4,3
"Karachi, Pakistan",2026-04-30 02:00:00,2026-04-30 02:00:00,56.0,14.4,66.4,15.7,8.8,5.2,0.35,31.5,74.9,1006.5,6.1,0.0,2026-05-03,2,30,4,3
"Karachi, Pakistan",2026-04-30 03:00:00,2026-04-30 03:00:00,58.1,15.9,71.7,17.8,13.0,1.6,0.33,29.7,76.2,1008.6,6.7,0.0,2026-05-03,3,30,4,3
"Karachi, Pakistan",2026-04-30 04:00:00,2026-04-30 04:00:00,52.1,12.0,56.5,11.9,15.4,3.8,0.35,29.8,76.6,1006.5,7.4,0.0,2026-05-03,4,30,4,3
"Karachi, Pakistan",2026-04-30 05:00:00,2026-04-30 05:00:00,55.8,14.2,62.8,23.5,12.8,5.1,0.3,28.5,81.3,1008.9,5.1,0.0,2026-05-03,5,30,4,3
"Karachi, Pakistan",2026-04-30 06:00:00,2026-04-30 06:00:00,59.4,16.9,72.2,8.7,15.3,1.3,0.31,27.8,81.4,1007.1,6.5,0.0,2026-05-03,6,30,4,3
"Karachi, Pakistan",2026-04-30 07:00:00,2026-04-30 07:00:00,63.4,19.4,81.7,13.4,14.5,5.0,0.46,28.3,75.2,1008.2,5.8,0.0,2026-05-03,7,30,4,3
"Karachi, Pakistan",2026-04-30 08:00:00,2026-04-30 08:00:00,71.9,23.3,97.9,13.8,14.0,3.4,0.25,27.5,78.2,1006.2,4.7,0.0,2026-05-03,8,30,4,3
"Karachi, Pakistan",2026-04-30 09:00:00,2026-04-30 09:00:00,73.6,23.8,97.3,17.3,15.0,1.3,0.35,28.8,79.1,1008.7,5.3,0.0,2026-05-03,9,30,4,3
"Karachi, Pakistan",2026-04-30 10:00:00,2026-04-30 10:00:00,77.1,23.7,105.4,18.4,13.0,1.8,0.46,28.8,79.7,1010.1,4.6,0.0,2026-05-03,10,30,4,3
"Karachi, Pakistan",2026-04-30 11:00:00,2026-04-30 11:00:00,78.0,25.2,106.4,10.8,11.9,3.0,0.2,29.5,80.6,1010.9,4.9,0.0,2026-05-03,11,30,4,3
"Karachi, Pakistan",2026-04-30 12:00:00,2026-04-30 12:00:00,75.1,25.5,100.8,13.1,13.7,5.3,0.29,31.0,75.2,1009.4,4.2,0.0,2026-05-03,12,30,4,3
"Karachi, Pakistan",2026-04-30 13:00:00,2026-04-30 13:00:00,77.1,24.4,104.9,14.1,14.7,1.3,0.26,31.8,78.7,1007.3,4.7,0.0,2026-05-03,13,30,4,3
"Karachi, Pakistan",2026-04-30 14:00:00,2026-04-30 14:00:00,69.1,19.8,87.4,15.9,13.8,1.2,0.19,30.8,75.6,1010.6,6.6,0.0,2026-05-03,14,30,4,3
"Karachi, Pakistan",2026-04-30 15:00:00,2026-04-30 15:00:00,69.5,21.3,89.9,22.9,11.4,1.7,0.39,32.5,74.7,1008.3,6.1,0.0,2026-05-03,15,30,4,3
"Karachi, Pakistan",2026-04-30 16:00:00,2026-04-30 16:00:00,69.8,21.9,88.9,27.6,15.1,2.3,0.28,32.3,71.9,1009.4,6.5,0.0,2026-05-03,16,30,4,3
"Karachi, Pakistan",2026-04-30 17:00:00,2026-04-30 17:00:00,71.9,21.9,92.8,29.4,16.2,1.7,0.3,34.9,72.0,1007.6,5.4,0.0,2026-05-03,17,30,4,3
"Karachi, Pakistan",2026-04-30 18:00:00,2026-04-30 18:00:00,72.8,21.1,97.0,21.1,17.5,5.3,0.17,34.4,73.2,1008.3,4.3,0.0,2026-05-03,18,30,4,3
"Karachi, Pakistan",2026-04-30 19:00:00,2026-04-30 19:00:00,72.0,21.6,94.6,17.2,13.9,4.1,0.28,35.1,72.4,1008.9,4.7,0.0,2026-05-03,19,30,4,3
"Karachi, Pakistan",2026-04-30 20:00:00,2026-04-30 20:00:00,66.8,18.4,86.6,21.2,15.7,4.3,0.12,35.2,72.4,1008.7,7.3,0.0,2026-05-03,20,30,4,3
"Karachi, Pakistan",2026-04-30 21:00:00,2026-04-30 21:00:00,71.8,23.0,95.2,20.0,13.5,5.3,0.17,34.7,68.7,1008.4,6.0,0.0,2026-05-03,21,30,4,3
"Karachi, Pakistan",2026-04-30 22:00:00,2026-04-30 22:00:00,69.6,20.7,88.0,8.4,14.1,0.0,0.25,35.9,71.8,1008.3,5.5,0.0,2026-05-03,22,30,4,3
"Karachi, Pakistan",2026-04-30 23:00:00,2026-04-30 23:00:00,66.6,20.3,83.9,19.7,15.1,2.3,0.19,35.1,70.2,1007.3,6.3,0.0,2026-05-03,23,30,4,3
"Karachi, Pakistan",2026-05-01 00:00:00,2026-05-01 00:00:00,64.3,19.8,80.6,26.5,15.1,5.6,0.2,32.6,70.4,1008.8,5.8,0.0,2026-05-04,0,1,5,4
"Karachi, Pakistan",2026-05-01 01:00:00,2026-05-01 01:00:00,60.9,15.7,74.9,27.9,15.8,5.7,0.32,30.6,79.2,1004.8,7.3,0.0,2026-05-04,1,1,5,4
"Karachi, Pakistan",2026-05-01 02:00:00,2026-05-01 02:00:00,69.1,19.9,92.1,16.4,16.0,4.3,0.15,30.6,75.1,1008.8,4.6,0.0,2026-05-04,2,1,5,4
"Karachi, Pakistan",2026-05-01 03:00:00,2026-05-01 03:00:00,61.9,16.1,78.0,14.4,11.2,1.6,0.39,29.6,78.5,1005.7,4.4,0.0,2026-05-04,3,1,5,4
"Karachi, Pakistan",2026-05-01 04:00:00,2026-05-01 04:00:00,62.7,19.0,80.4,14.5,8.7,5.4,0.29,31.4,78.8,1004.5,5.5,0.0,2026-05-04,4,1,5,4
"Karachi, Pakistan",2026-05-01 05:00:00,2026-05-01 05:00:00,58.4,16.4,68.5,13.1,15.7,1.8,0.25,29.1,78.2,1006.8,6.1,0.0,2026-05-04,5,1,5,4
"Karachi, Pakistan",2026-05-01 06:00:00,2026-05-01 06:00:00,60.4,18.9,75.8,18.4,14.6,6.6,0.35,28.4,79.6,1006.9,6.8,0.0,2026-05-04,6,1,5,4
"Karachi, Pakistan",2026-05-01 07:00:00,2026-05-01 07:00:00,67.7,20.6,87.5,19.7,12.4,2.9,0.44,29.1,78.4,1010.1,5.2,0.0,2026-05-04,7,1,5,4
"Karachi, Pakistan",2026-05-01 08:00:00,2026-05-01 08:00:00,73.4,23.5,99.1,6.4,12.8,3.0,0.44,28.0,79.6,1009.4,4.2,0.0,2026-05-04,8,1,5,4
"Karachi, Pakistan",2026-05-01 09:00:00,2026-05-01 09:00:00,71.7,22.0,94.5,12.0,15.8,5.6,0.2,28.6,77.0,1005.8,4.8,0.0,2026-05-04,9,1,5,4
"Karachi, Pakistan",2026-05-01 10:00:00,2026-05-01 10:00:00,76.8,25.9,106.3,16.7,14.2,2.8,0.4,27.6,81.3,1010.3,5.7,0.0,2026-05-04,10,1,5,4
"Karachi, Pakistan",2026-05-01 11:00:00,2026-05-01 11:00:00,80.8,26.8,113.6,17.8,17.4,6.3,0.27,29.6,78.6,1007.8,4.6,0.0,2026-05-04,11,1,5,4
"Karachi, Pakistan",2026-05-01 12:00:00,2026-05-01 12:00:00,73.3,22.3,96.7,11.7,13.3,4.4,0.25,30.1,75.7,1009.4,5.7,0.0,2026-05-04,12,1,5,4
"Karachi, Pakistan",2026-05-01 13:00:00,2026-05-01 13:00:00,70.4,22.5,90.9,14.0,14.3,3.1,0.18,31.8,77.8,1008.9,6.9,0.0,2026-05-04,13,1,5,4
"Karachi, Pakistan",2026-05-01 14:00:00,2026-05-01 14:00:00,76.1,25.3,105.2,23.6,12.6,1.9,0.31,30.7,73.9,1008.9,4.8,0.0,2026-05-04,14,1,5,4
"Karachi, Pakistan",2026-05-01 15:00:00,2026-05-01 15:00:00,72.8,22.1,97.9,23.5,15.4,5.2,0.2,30.8,76.1,1008.7,4.1,0.0,2026-05-04,15,1,5,4
"Karachi, Pakistan",2026-05-01 16:00:00,2026-05-01 16:00:00,73.4,24.1,97.4,26.7,12.0,0.9,0.21,33.5,72.2,1008.2,4.9,0.0,2026-05-04,16,1,5,4
"Karachi, Pakistan",2026-05-01 17:00:00,2026-05-01 17:00:00,73.4,24.3,100.2,15.6,14.8,4.7,0.29,35.1,69.3,1009.0,5.1,0.0,2026-05-04,17,1,5,4
"Karachi, Pakistan",2026-05-01 18:00:00,2026-05-01 18:00:00,72.0,20.9,95.1,23.6,14.7,0.4,0.4,35.4,74.9,1007.3,6.0,0.0,2026-05-04,18,1,5,4
"Karachi, Pakistan",2026-05-01 19:00:00,2026-05-01 19:00:00,73.5,24.2,101.5,19.1,17.9,4.5,0.29,35.6,71.0,1007.0,6.1,0.0,2026-05-04,19,1,5,4
"Karachi, Pakistan",2026-05-01 20:00:00,2026-05-01 20:00:00,71.6,21.7,99.1,21.9,13.3,1.4,0.33,34.6,69.9,1008.6,6.2,0.0,2026-05-04,20,1,5,4
"Karachi, Pakistan",2026-05-01 21:00:00,2026-05-01 21:00:00,74.7,22.5,100.9,18.6,14.8,3.8,0.28,35.6,69.2,1012.6,6.9,0.0,2026-05-04,21,1,5,4
"Karachi, Pakistan",2026-05-01 22:00:00,2026-05-01 22:00:00,75.2,24.7,102.9,21.3,11.7,5.8,0.37,34.4,70.9,1007.8,4.1,0.0,2026-05-04,22,1,5,4
"Karachi, Pakistan",2026-05-01 23:00:00,2026-05-01 23:00:00,73.9,24.4,99.6,7.4,13.0,5.7,0.35,33.3,74.4,1008.1,5.0,0.0,2026-05-04,23,1,5,4
"Karachi, Pakistan",2026-05-02 00:00:00,2026-05-02 00:00:00,63.9,16.8,80.3,16.1,7.5,5.7,0.33,32.7,73.3,1006.9,4.2,0.0,2026-05-05,0,2,5,5
"Karachi, Pakistan",2026-05-02 01:00:00,2026-05-02 01:00:00,59.7,15.5,71.0,16.9,6.5,3.3,0.12,32.8,73.2,1009.6,5.0,0.0,2026-05-05,1,2,5,5
"Karachi, Pakistan",2026-05-02 02:00:00,2026-05-02 02:00:00,59.8,14.7,72.5,23.1,7.3,4.1,0.25,31.1,78.3,1007.4,4.5,0.0,2026-05-05,2,2,5,5
"Karachi, Pakistan",2026-05-02 03:00:00,2026-05-02 03:00:00,56.6,13.2,66.0,25.9,7.8,2.8,0.32,29.8,76.4,1008.0,5.0,0.0,2026-05-05,3,2,5,5
"Karachi, Pakistan",2026-05-02 04:00:00,2026-05-02 04:00:00,54.7,15.4,63.3,26.8,7.4,2.7,0.25,30.4,76.5,1009.2,6.7,0.0,2026-05-05,4,2,5,5
"Karachi, Pakistan",2026-05-02 05:00:00,2026-05-02 05:00:00,54.3,13.7,64.3,14.9,11.1,1.4,0.16,30.4,76.5,1009.6,5.7,0.0,2026-05-05,5,2,5,5
"Karachi, Pakistan",2026-05-02 06:00:00,2026-05-02 06:00:00,60.4,14.8,75.7,18.0,8.4,1.0,0.18,29.8,75.6,1009.0,5.7,0.0,2026-05-05,6,2,5,5
"Karachi, Pakistan",2026-05-02 07:00:00,2026-05-02 07:00:00,56.1,14.9,66.7,8.6,10.4,2.4,0.23,27.7,81.3,1007.7,6.9,0.0,2026-05-05,7,2,5,5
"Karachi, Pakistan",2026-05-02 08:00:00,2026-05-02 08:00:00,63.6,17.7,78.7,18.5,6.3,0.3,0.46,28.2,81.1,1006.5,6.8,0.0,2026-05-05,8,2,5,5
"Karachi, Pakistan",2026-05-02 09:00:00,2026-05-02 09:00:00,65.5,18.6,83.3,12.3,6.1,1.7,0.47,29.1,78.6,1006.2,6.6,0.0,2026-05-05,9,2,5,5
"Karachi, Pakistan",2026-05-02 10:00:00,2026-05-02 10:00:00,62.1,19.6,74.4,20.4,6.9,6.2,0.25,26.8,81.6,1006.2,6.7,0.0,2026-05-05,10,2,5,5
"Karachi, Pakistan",2026-05-02 11:00:00,2026-05-02 11:00:00,68.0,19.8,88.5,7.0,3.8,6.6,0.15,27.3,81.1,1009.3,6.2,0.0,2026-05-05,11,2,5,5
"Karachi, Pakistan",2026-05-02 12:00:00,2026-05-02 12:00:00,69.7,20.4,90.6,13.8,7.1,5.8,0.14,29.4,79.0,1006.7,4.8,0.0,2026-05-05,12,2,5,5
"Karachi, Pakistan",2026-05-02 13:00:00,2026-05-02 13:00:00,64.7,18.3,81.9,10.3,8.2,5.9,0.17,31.2,77.8,1008.2,6.4,0.0,2026-05-05,13,2,5,5
"Karachi, Pakistan",2026-05-02 14:00:00,2026-05-02 14:00:00,62.4,18.5,74.9,22.1,9.7,5.4,0.37,31.4,77.1,1008.3,7.4,0.0,2026-05-05,14,2,5,5
"Karachi, Pakistan",2026-05-02 15:00:00,2026-05-02 15:00:00,63.9,17.4,78.1,14.7,4.7,2.4,0.35,33.2,76.0,1009.6,5.0,0.0,2026-05-05,15,2,5,5
"Karachi, Pakistan",2026-05-02 16:00:00,2026-05-02 16:00:00,67.3,20.0,88.2,22.1,7.6,3.0,0.33,33.1,71.9,1008.4,4.2,0.0,2026-05-05,16,2,5,5
"Karachi, Pakistan",2026-05-02 17:00:00,2026-05-02 17:00:00,60.6,17.6,72.1,21.2,9.9,5.3,0.37,35.2,72.7,1009.0,7.2,0.0,2026-05-05,17,2,5,5
"Karachi, Pakistan",2026-05-02 18:00:00,2026-05-02 18:00:00,66.9,19.1,82.7,27.1,8.7,3.2,0.19,33.6,72.4,1007.3,5.0,0.0,2026-05-05,18,2,5,5
"Karachi, Pakistan",2026-05-02 19:00:00,2026-05-02 19:00:00,59.2,16.4,69.6,27.1,10.5,3.6,0.38,34.8,69.6,1007.6,6.1,0.0,2026-05-05,19,2,5,5
"Karachi, Pakistan",2026-05-02 20:00:00,2026-05-02 20:00:00,63.4,18.7,80.7,13.5,5.7,3.5,0.39,36.0,70.1,1009.3,6.3,0.0,2026-05-05,20,2,5,5
"Karachi, Pakistan",2026-05-02 21:00:00,2026-05-02 21:00:00,70.2,19.7,94.0,24.1,4.2,0.6,0.12,35.4,72.2,1011.1,4.1,0.0,2026-05-05,21,2,5,5
"Karachi, Pakistan",2026-05-02 22:00:00,2026-05-02 22:00:00,64.2,16.8,83.3,20.4,7.8,3.8,0.21,36.0,67.7,1009.0,4.8,0.0,2026-05-05,22,2,5,5
"Karachi, Pakistan",2026-05-02 23:00:00,2026-05-02 23:00:00,61.9,18.8,76.7,9.8,10.4,4.7,0.22,34.8,71.9,1006.7,4.7,0.0,2026-05-05,23,2,5,5
"Karachi, Pakistan",2026-05-03 00:00:00,2026-05-03 00:00:00,51.3,12.6,55.5,20.7,8.9,5.1,0.27,32.9,74.9,1010.9,7.3,0.0,2026-05-06,0,3,5,6
"Karachi, Pakistan",2026-05-03 01:00:00,2026-05-03 01:00:00,54.9,14.5,64.3,16.2,9.4,1.4,0.35,32.5,75.3,1006.6,5.5,0.0,2026-05-06,1,3,5,6
"Karachi, Pakistan",2026-05-03 02:00:00,2026-05-03 02:00:00,54.3,12.9,58.6,24.8,6.9,3.1,0.15,32.5,73.9,1007.6,5.3,0.0,2026-05-06,2,3,5,6
"Karachi, Pakistan",2026-05-03 03:00:00,2026-05-03 03:00:00,54.7,14.4,65.1,17.0,11.5,5.8,0.17,30.3,75.0,1007.6,4.1,0.0,2026-05-06,3,3,5,6
"Karachi, Pakistan",2026-05-03 04:00:00,2026-05-03 04:00:00,50.4,14.2,55.5,18.3,9.6,2.2,0.35,30.3,80.4,1007.2,6.2,0.0,2026-05-06,4,3,5,6
"Karachi, Pakistan",2026-05-03 05:00:00,2026-05-03 05:00:00,54.4,14.7,61.6,17.3,4.1,4.0,0.2,29.1,80.3,1007.7,5.5,0.0,2026-05-06,5,3,5,6
"Karachi, Pakistan",2026-05-03 06:00:00,2026-05-03 06:00:00,51.9,14.2,56.7,12.1,11.3,5.3,0.14,28.8,81.9,1006.2,6.5,0.0,2026-05-06,6,3,5,6
"Karachi, Pakistan",2026-05-03 07:00:00,2026-05-03 07:00:00,56.0,14.5,64.9,12.7,8.8,1.6,0.32,28.6,75.0,1009.9,5.1,0.0,2026-05-06,7,3,5,6
"Karachi, Pakistan",2026-05-03 08:00:00,2026-05-03 08:00:00,64.9,18.4,82.3,6.0,4.2,2.2,0.37,29.3,77.9,1007.2,4.6,0.0,2026-05-06,8,3,5,6
"Karachi, Pakistan",2026-05-03 09:00:00,2026-05-03 09:00:00,63.2,16.4,80.0,15.6,8.9,2.7,0.36,28.1,80.8,1007.9,6.1,0.0,2026-05-06,9,3,5,6
"Karachi, Pakistan",2026-05-03 10:00:00,2026-05-03 10:00:00,64.1,19.2,80.0,19.3,7.8,2.0,0.46,28.0,79.0,1009.0,6.9,0.0,2026-05-06,10,3,5,6
"Karachi, Pakistan",2026-05-03 11:00:00,2026-05-03 11:00:00,63.5,18.6,77.5,18.5,6.8,2.1,0.18,28.7,80.7,1004.4,5.2,0.0,2026-05-06,11,3,5,6
"Karachi, Pakistan",2026-05-03 12:00:00,2026-05-03 12:00:00,64.0,19.1,78.6,12.0,6.0,2.5,0.17,28.3,82.9,1006.7,6.4,0.0,2026-05-06,12,3,5,6
"Karachi, Pakistan",2026-05-03 13:00:00,2026-05-03 13:00:00,67.3,20.6,85.8,15.4,5.6,2.1,0.4,31.0,75.8,1009.8,6.4,0.0,2026-05-06,13,3,5,6
"Karachi, Pakistan",2026-05-03 14:00:00,2026-05-03 14:00:00,64.2,17.3,84.8,18.3,9.4,3.7,0.16,33.0,73.7,1005.3,7.0,0.0,2026-05-06,14,3,5,6
"Karachi, Pakistan",2026-05-03 15:00:00,2026-05-03 15:00:00,62.2,18.4,76.0,17.3,9.8,3.0,0.3,32.7,77.4,1008.4,6.9,0.0,2026-05-06,15,3,5,6
"Karachi, Pakistan",2026-05-03 16:00:00,2026-05-03 16:00:00,66.1,20.5,83.4,18.0,5.9,4.7,0.32,34.5,69.0,1010.7,6.4,0.0,2026-05-06,16,3,5,6
"Karachi, Pakistan",2026-05-03 17:00:00,2026-05-03 17:00:00,62.5,17.6,79.0,22.0,5.9,5.3,0.15,33.2,73.4,1004.8,7.0,0.0,2026-05-06,17,3,5,6
"Karachi, Pakistan",2026-05-03 18:00:00,2026-05-03 18:00:00,63.6,17.6,80.1,16.0,4.7,6.4,0.22,33.5,76.8,1010.9,7.4,0.0,2026-05-06,18,3,5,6
"Karachi, Pakistan",2026-05-03 19:00:00,2026-05-03 19:00:00,67.8,20.4,88.5,23.7,8.7,2.6,0.1,34.3,76.5,1008.4,5.0,0.0,2026-05-06,19,3,5,6
"Karachi, Pakistan",2026-05-03 20:00:00,2026-05-03 20:00:00,63.4,19.4,77.2,20.3,6.2,1.2,0.35,34.4,74.9,1010.6,6.3,0.0,2026-05-06,20,3,5,6
"Karachi, Pakistan",2026-05-03 21:00:00,2026-05-03 21:00:00,69.0,20.5,91.0,10.0,6.2,3.4,0.1,35.4,74.4,1007.0,4.4,0.0,2026-05-06,21,3,5,6
"Karachi, Pakistan",2026-05-03 22:00:00,2026-05-03 22:00:00,64.1,18.7,79.3,13.8,4.9,3.4,0.13,34.6,73.5,1012.1,7.4,0.0,2026-05-06,22,3,5,6
"Karachi, Pakistan",2026-05-03 23:00:00,2026-05-03 23:00:00,63.6,19.4,80.3,21.4,10.6,2.9,0.19,33.7,73.2,1008.4,4.6,0.0,2026-05-06,23,3,5,6
"Karachi, Pakistan",2026-05-04 00:00:00,2026-05-04 00:00:00,69.2,20.1,91.5,23.3,16.2,5.6,0.36,32.5,73.2,1007.4,6.4,0.0,2026-05-07,0,4,5,0
"Karachi, Pakistan",2026-05-04 01:00:00,2026-05-04 01:00:00,66.8,20.9,87.0,17.9,13.9,3.1,0.26,32.4,74.0,1005.4,6.2,0.0,2026-05-07,1,4,5,0
"Karachi, Pakistan",2026-05-04 02:00:00,2026-05-04 02:00:00,61.4,19.3,75.9,18.4,15.8,4.3,0.34,30.8,78.2,1006.1,5.9,0.0,2026-05-07,2,4,5,0
"Karachi, Pakistan",2026-05-04 03:00:00,2026-05-04 03:00:00,63.5,18.9,78.0,21.9,15.4,0.9,0.19,31.1,75.5,1011.2,5.3,0.0,2026-05-07,3,4,5,0
"Karachi, Pakistan",2026-05-04 04:00:00,2026-05-04 04:00:00,55.6,12.4,62.4,25.9,13.0,3.6,0.39,30.7,79.8,1007.1,6.4,0.0,2026-05-07,4,4,5,0
"Karachi, Pakistan",2026-05-04 05:00:00,2026-05-04 05:00:00,60.2,14.7,72.2,16.0,10.4,3.2,0.23,28.9,76.6,1008.0,5.2,0.0,2026-05-07,5,4,5,0
"Karachi, Pakistan",2026-05-04 06:00:00,2026-05-04 06:00:00,59.8,19.1,71.8,16.8,10.6,0.8,0.22,28.6,79.8,1008.8,6.8,0.0,2026-05-07,6,4,5,0
"Karachi, Pakistan",2026-05-04 07:00:00,2026-05-04 07:00:00,69.6,22.2,92.2,15.1,16.2,3.3,0.22,27.5,80.9,1007.0,4.7,0.0,2026-05-07,7,4,5,0
"Karachi, Pakistan",2026-05-04 08:00:00,2026-05-04 08:00:00,73.0,22.5,95.9,14.3,15.0,6.3,0.22,28.1,78.5,1007.3,5.4,0.0,2026-05-07,8,4,5,0
"Karachi, Pakistan",2026-05-04 09:00:00,2026-05-04 09:00:00,76.8,25.1,103.9,5.6,14.9,1.9,0.48,27.8,79.0,1009.3,6.9,0.0,2026-05-07,9,4,5,0
"Karachi, Pakistan",2026-05-04 10:00:00,2026-05-04 10:00:00,73.9,23.0,97.8,15.0,12.9,3.9,0.47,30.1,76.5,1009.3,6.8,0.0,2026-05-07,10,4,5,0
"Karachi, Pakistan",2026-05-04 11:00:00,2026-05-04 11:00:00,75.2,24.9,101.2,14.8,14.9,5.8,0.28,28.6,80.1,1009.8,5.5,0.0,2026-05-07,11,4,5,0
"Karachi, Pakistan",2026-05-04 12:00:00,2026-05-04 12:00:00,77.3,25.9,110.3,10.9,14.3,4.3,0.26,29.7,75.5,1008.8,5.9,0.0,2026-05-07,12,4,5,0
"Karachi, Pakistan",2026-05-04 13:00:00,2026-05-04 13:00:00,80.3,25.7,111.1,15.8,13.7,3.1,0.24,29.7,75.7,1007.7,4.3,0.0,2026-05-07,13,4,5,0
"Karachi, Pakistan",2026-05-04 14:00:00,2026-05-04 14:00:00,79.8,26.1,109.7,20.4,14.3,6.6,0.11,31.2,74.9,1008.0,4.5,0.0,2026-05-07,14,4,5,0
"Karachi, Pakistan",2026-05-04 15:00:00,2026-05-04 15:00:00,72.8,21.1,98.1,18.9,16.0,0.0,0.1,31.3,75.2,1009.2,6.3,0.0,2026-05-07,15,4,5,0
"Karachi, Pakistan",2026-05-04 16:00:00,2026-05-04 16:00:00,75.9,24.3,104.8,25.5,12.2,0.9,0.13,34.4,67.3,1007.5,5.4,0.0,2026-05-07,16,4,5,0
"Karachi, Pakistan",2026-05-04 17:00:00,2026-05-04 17:00:00,73.2,22.0,95.9,26.7,14.1,2.2,0.22,33.5,70.7,1012.0,6.4,0.0,2026-05-07,17,4,5,0
"Karachi, Pakistan",2026-05-04 18:00:00,2026-05-04 18:00:00,76.9,24.0,108.9,23.3,14.9,5.7,0.12,34.5,71.2,1009.6,4.6,0.0,2026-05-07,18,4,5,0
"Karachi, Pakistan",2026-05-04 19:00:00,2026-05-04 19:00:00,74.1,23.4,100.3,15.6,12.1,3.0,0.15,35.2,67.1,1009.7,5.5,0.0,2026-05-07,19,4,5,0
"Karachi, Pakistan",2026-05-04 20:00:00,2026-05-04 20:00:00,73.4,24.1,95.4,20.5,13.8,2.8,0.27,34.1,67.7,1007.2,6.3,0.0,2026-05-07,20,4,5,0
"Karachi, Pakistan",2026-05-04 21:00:00,2026-05-04 21:00:00,79.8,24.3,112.1,20.4,16.8,4.9,0.28,34.2,75.1,1007.1,4.1,0.0,2026-05-07,21,4,5,0
"Karachi, Pakistan",2026-05-04 22:00:00,2026-05-04 22:00:00,74.0,21.4,100.3,8.2,10.3,4.6,0.11,34.5,76.0,1005.8,4.9,0.0,2026-05-07,22,4,5,0
"Karachi, Pakistan",2026-05-04 23:00:00,2026-05-04 23:00:00,76.6,25.3,109.4,12.6,15.9,2.0,0.11,34.1,71.1,1007.9,4.6,0.0,2026-05-07,23,4,5,0
"Karachi, Pakistan",2026-05-05 00:00:00,2026-05-05 00:00:00,68.4,22.2,88.4,28.3,11.5,2.6,0.16,34.1,75.4,1008.6,7.1,0.0,2026-05-08,0,5,5,1
"Karachi, Pakistan",2026-05-05 01:00:00,2026-05-05 01:00:00,65.3,18.4,83.8,16.3,14.1,1.0,0.18,31.6,72.8,1010.8,5.9,0.0,2026-05-08,1,5,5,1
"Karachi, Pakistan",2026-05-05 02:00:00,2026-05-05 02:00:00,70.3,21.4,94.9,23.1,16.5,6.6,0.4,31.2,79.1,1009.8,4.0,0.0,2026-05-08,2,5,5,1
"Karachi, Pakistan",2026-05-05 03:00:00,2026-05-05 03:00:00,57.7,15.1,68.0,26.4,18.1,2.2,0.33,31.4,75.6,1008.7,7.1,0.0,2026-05-08,3,5,5,1
"Karachi, Pakistan",2026-05-05 04:00:00,2026-05-05 04:00:00,61.3,18.3,74.3,23.4,12.0,4.1,0.32,30.6,78.2,1008.3,5.4,0.0,2026-05-08,4,5,5,1
"Karachi, Pakistan",2026-05-05 05:00:00,2026-05-05 05:00:00,61.1,18.5,76.8,13.5,10.9,1.5,0.34,29.3,77.3,1005.3,5.8,0.0,2026-05-08,5,5,5,1
"Karachi, Pakistan",2026-05-05 06:00:00,2026-05-05 06:00:00,64.2,18.6,79.9,9.7,12.4,4.2,0.36,29.1,75.9,1006.3,6.6,0.0,2026-05-08,6,5,5,1
"Karachi, Pakistan",2026-05-05 07:00:00,2026-05-05 07:00:00,69.1,21.3,91.0,16.7,14.0,2.6,0.35,27.8,79.3,1008.6,7.0,0.0,2026-05-08,7,5,5,1
"Karachi, Pakistan",2026-05-05 08:00:00,2026-05-05 08:00:00,70.3,22.7,94.6,17.6,13.7,5.6,0.24,27.4,80.6,1008.5,6.8,0.0,2026-05-08,8,5,5,1
"Karachi, Pakistan",2026-05-05 09:00:00,2026-05-05 09:00:00,77.0,24.4,109.5,17.7,11.8,4.9,0.36,28.8,80.3,1007.4,6.4,0.0,2026-05-08,9,5,5,1
"Karachi, Pakistan",2026-05-05 10:00:00,2026-05-05 10:00:00,78.9,25.9,110.2,16.0,16.4,3.7,0.46,27.8,78.7,1011.4,5.8,0.0,2026-05-08,10,5,5,1
"Karachi, Pakistan",2026-05-05 11:00:00,2026-05-05 11:00:00,77.8,23.6,109.0,10.2,13.7,5.1,0.22,29.3,78.8,1008.3,5.4,0.0,2026-05-08,11,5,5,1
"Karachi, Pakistan",2026-05-05 12:00:00,2026-05-05 12:00:00,80.2,23.4,113.9,21.3,20.5,3.5,0.39,29.8,75.3,1006.1,5.3,0.0,2026-05-08,12,5,5,1
"Karachi, Pakistan",2026-05-05 13:00:00,2026-05-05 13:00:00,75.8,25.5,102.8,12.9,15.0,4.0,0.24,30.5,74.1,1010.6,6.3,0.0,2026-05-08,13,5,5,1
"Karachi, Pakistan",2026-05-05 14:00:00,2026-05-05 14:00:00,78.0,25.1,107.8,25.7,13.1,1.9,0.23,30.8,78.6,1005.5,5.8,0.0,2026-05-08,14,5,5,1
"Karachi, Pakistan",2026-05-05 15:00:00,2026-05-05 15:00:00,76.6,24.3,106.5,15.3,9.6,3.0,0.29,32.8,74.7,1007.6,4.4,0.0,2026-05-08,15,5,5,1
"Karachi, Pakistan",2026-05-05 16:00:00,2026-05-05 16:00:00,77.8,24.4,109.5,21.3,14.2,6.9,0.36,33.5,73.4,1007.3,4.1,0.0,2026-05-08,16,5,5,1
"Karachi, Pakistan",2026-05-05 17:00:00,2026-05-05 17:00:00,76.3,24.6,103.4,20.2,15.3,2.2,0.35,34.0,73.5,1005.6,5.7,0.0,2026-05-08,17,5,5,1
"Karachi, Pakistan",2026-05-05 18:00:00,2026-05-05 18:00:00,77.0,24.0,102.5,20.3,9.8,1.5,0.39,33.9,73.6,1006.0,4.2,0.0,2026-05-08,18,5,5,1
"Karachi, Pakistan",2026-05-05 19:00:00,2026-05-05 19:00:00,77.4,24.4,107.2,23.1,14.4,2.4,0.39,34.6,70.4,1007.3,5.0,0.0,2026-05-08,19,5,5,1
"Karachi, Pakistan",2026-05-05 20:00:00,2026-05-05 20:00:00,79.9,25.4,109.7,16.2,11.2,2.4,0.15,34.7,75.3,1008.1,4.6,0.0,2026-05-08,20,5,5,1
"Karachi, Pakistan",2026-05-05 21:00:00,2026-05-05 21:00:00,76.3,25.1,107.1,12.3,12.3,3.0,0.22,35.3,74.3,1008.0,5.1,0.0,2026-05-08,21,5,5,1
"Karachi, Pakistan",2026-05-05 22:00:00,2026-05-05 22:00:00,77.2,25.1,105.1,9.7,13.9,5.0,0.2,34.4,73.6,1007.8,4.6,0.0,2026-05-08,22,5,5,1
"Karachi, Pakistan",2026-05-05 23:00:00,2026-05-05 23:00:00,73.8,21.9,97.5,16.0,12.1,3.7,0.34,34.4,73.1,1009.3,4.5,0.0,2026-05-08,23,5,5,1
"Karachi, Pakistan",2026-05-06 00:00:00,2026-05-06 00:00:00,71.1,23.1,97.8,25.1,16.2,1.7,0.24,33.0,72.6,1006.5,4.7,0.0,2026-05-09,0,6,5,2
"Karachi, Pakistan",2026-05-06 01:00:00,2026-05-06 01:00:00,69.9,20.2,94.5,15.8,11.2,3.4,0.12,32.8,73.8,1009.2,4.4,0.0,2026-05-09,1,6,5,2
"Karachi, Pakistan",2026-05-06 02:00:00,2026-05-06 02:00:00,67.4,20.6,87.0,17.0,14.6,6.7,0.27,30.9,74.6,1007.9,4.3,0.0,2026-05-09,2,6,5,2
"Karachi, Pakistan",2026-05-06 03:00:00,2026-05-06 03:00:00,63.6,19.7,78.8,18.6,15.9,1.4,0.18,30.7,76.4,1008.9,4.6,0.0,2026-05-09,3,6,5,2
"Karachi, Pakistan",2026-05-06 04:00:00,2026-05-06 04:00:00,59.4,16.7,71.8,18.6,9.6,5.4,0.27,29.6,78.0,1009.2,6.6,0.0,2026-05-09,4,6,5,2
"Karachi, Pakistan",2026-05-06 05:00:00,2026-05-06 05:00:00,67.6,21.4,86.7,24.1,16.8,5.6,0.35,29.5,80.7,1007.7,5.2,0.0,2026-05-09,5,6,5,2
"Karachi, Pakistan",2026-05-06 06:00:00,2026-05-06 06:00:00,66.7,19.1,88.7,17.6,15.2,3.1,0.16,28.4,78.7,1010.9,5.4,0.0,2026-05-09,6,6,5,2
"Karachi, Pakistan",2026-05-06 07:00:00,2026-05-06 07:00:00,72.3,22.5,98.7,17.1,13.3,0.3,0.26,27.4,79.1,1004.1,5.7,0.0,2026-05-09,7,6,5,2
"Karachi, Pakistan",2026-05-06 08:00:00,2026-05-06 08:00:00,75.5,25.4,104.2,16.9,14.1,3.0,0.39,28.4,80.7,1006.9,5.9,0.0,2026-05-09,8,6,5,2
"Karachi, Pakistan",2026-05-06 09:00:00,2026-05-06 09:00:00,74.0,24.4,99.9,10.1,15.1,2.3,0.33,27.5,77.5,1010.3,6.9,0.0,2026-05-09,9,6,5,2
"Karachi, Pakistan",2026-05-06 10:00:00,2026-05-06 10:00:00,80.0,26.7,107.9,18.2,12.5,7.3,0.42,27.8,78.1,1008.8,5.9,0.0,2026-05-09,10,6,5,2
"Karachi, Pakistan",2026-05-06 11:00:00,2026-05-06 11:00:00,82.6,29.8,119.2,15.5,13.2,3.2,0.39,29.6,77.5,1006.9,4.9,0.0,2026-05-09,11,6,5,2
"Karachi, Pakistan",2026-05-06 12:00:00,2026-05-06 12:00:00,79.6,27.0,113.8,17.1,20.3,1.8,0.26,29.9,75.4,1008.6,6.7,0.0,2026-05-09,12,6,5,2
"Karachi, Pakistan",2026-05-06 13:00:00,2026-05-06 13:00:00,82.6,26.5,120.5,14.2,10.0,6.3,0.38,30.2,77.4,1006.8,4.7,0.0,2026-05-09,13,6,5,2
"Karachi, Pakistan",2026-05-06 14:00:00,2026-05-06 14:00:00,72.5,23.1,96.8,12.1,17.3,3.7,0.13,31.5,75.9,1007.2,6.6,0.0,2026-05-09,14,6,5,2
"Karachi, Pakistan",2026-05-06 15:00:00,2026-05-06 15:00:00,76.3,23.5,104.2,15.1,13.0,2.5,0.25,32.8,74.3,1005.6,6.1,0.0,2026-05-09,15,6,5,2
"Karachi, Pakistan",2026-05-06 16:00:00,2026-05-06 16:00:00,77.9,24.5,104.4,15.2,18.3,2.7,0.2,33.4,76.1,1007.7,4.1,0.0,2026-05-09,16,6,5,2
"Karachi, Pakistan",2026-05-06 17:00:00,2026-05-06 17:00:00,76.6,24.7,107.0,25.5,15.7,2.1,0.24,33.7,73.8,1007.5,5.3,0.0,2026-05-09,17,6,5,2
"Karachi, Pakistan",2026-05-06 18:00:00,2026-05-06 18:00:00,76.7,25.4,109.8,18.4,15.9,3.5,0.25,35.3,73.2,1008.0,5.1,0.0,2026-05-09,18,6,5,2
"Karachi, Pakistan",2026-05-06 19:00:00,2026-05-06 19:00:00,77.4,25.0,108.1,15.4,16.9,3.4,0.36,35.2,72.0,1007.2,6.1,0.0,2026-05-09,19,6,5,2
"Karachi, Pakistan",2026-05-06 20:00:00,2026-05-06 20:00:00,79.9,26.8,113.7,16.4,15.1,2.8,0.17,35.2,70.7,1006.8,6.2,0.0,2026-05-09,20,6,5,2
"Karachi, Pakistan",2026-05-06 21:00:00,2026-05-06 21:00:00,79.2,25.4,109.4,21.5,17.4,0.0,0.11,35.0,69.5,1007.8,5.1,0.0,2026-05-09,21,6,5,2
"Karachi, Pakistan",2026-05-06 22:00:00,2026-05-06 22:00:00,77.9,24.9,109.1,20.5,11.8,6.8,0.18,34.4,72.7,1006.7,7.1,0.0,2026-05-09,22,6,5,2
"Karachi, Pakistan",2026-05-06 23:00:00,2026-05-06 23:00:00,76.7,24.3,104.0,10.7,16.7,6.6,0.21,33.1,75.3,1009.2,6.7,0.0,2026-05-09,23,6,5,2
"Karachi, Pakistan",2026-05-07 00:00:00,2026-05-07 00:00:00,70.2,20.9,95.6,23.7,17.3,1.8,0.12,34.3,71.2,1006.4,7.0,0.0,2026-05-10,0,7,5,3
"Karachi, Pakistan",2026-05-07 01:00:00,2026-05-07 01:00:00,72.6,22.7,96.1,28.3,14.6,3.4,0.23,30.9,74.4,1005.5,4.6,0.0,2026-05-10,1,7,5,3
"Karachi, Pakistan",2026-05-07 02:00:00,2026-05-07 02:00:00,67.2,20.2,86.9,20.9,15.8,4.6,0.27,32.8,73.8,1008.1,5.8,0.0,2026-05-10,2,7,5,3
"Karachi, Pakistan",2026-05-07 03:00:00,2026-05-07 03:00:00,68.1,19.7,88.6,21.8,16.0,1.8,0.35,30.8,72.1,1007.2,5.6,0.0,2026-05-10,3,7,5,3
"Karachi, Pakistan",2026-05-07 04:00:00,2026-05-07 04:00:00,62.6,19.0,77.9,16.5,13.4,2.3,0.33,29.8,74.3,1008.2,7.4,0.0,2026-05-10,4,7,5,3
"Karachi, Pakistan",2026-05-07 05:00:00,2026-05-07 05:00:00,67.9,19.1,88.3,23.4,17.6,5.6,0.12,28.9,80.0,1007.7,4.6,0.0,2026-05-10,5,7,5,3
"Karachi, Pakistan",2026-05-07 06:00:00,2026-05-07 06:00:00,73.2,21.6,102.4,8.5,14.8,3.4,0.26,28.1,79.9,1006.3,5.0,0.0,2026-05-10,6,7,5,3
"Karachi, Pakistan",2026-05-07 07:00:00,2026-05-07 07:00:00,66.9,20.6,86.9,20.9,8.0,2.9,0.49,27.7,79.9,1009.1,7.1,0.0,2026-05-10,7,7,5,3
"Karachi, Pakistan",2026-05-07 08:00:00,2026-05-07 08:00:00,79.4,25.0,110.7,7.7,15.0,0.0,0.29,27.1,79.9,1005.6,5.0,0.0,2026-05-10,8,7,5,3
"Karachi, Pakistan",2026-05-07 09:00:00,2026-05-07 09:00:00,76.0,25.0,104.2,5.1,14.1,1.5,0.28,27.7,80.3,1008.6,7.4,0.0,2026-05-10,9,7,5,3
"Karachi, Pakistan",2026-05-07 10:00:00,2026-05-07 10:00:00,84.0,26.7,118.5,20.0,14.0,5.0,0.27,28.1,84.1,1011.4,6.6,0.0,2026-05-10,10,7,5,3
"Karachi, Pakistan",2026-05-07 11:00:00,2026-05-07 11:00:00,86.0,28.5,120.9,11.7,16.9,3.1,0.34,29.4,81.1,1007.1,5.8,0.0,2026-05-10,11,7,5,3
"Karachi, Pakistan",2026-05-07 12:00:00,2026-05-07 12:00:00,76.3,22.6,104.6,8.2,14.3,5.0,0.39,30.5,75.7,1006.9,6.8,0.0,2026-05-10,12,7,5,3
"Karachi, Pakistan",2026-05-07 13:00:00,2026-05-07 13:00:00,85.5,30.3,123.5,15.6,13.8,2.3,0.36,30.8,79.0,1008.3,4.5,0.0,2026-05-10,13,7,5,3
"Karachi, Pakistan",2026-05-07 14:00:00,2026-05-07 14:00:00,77.0,26.6,106.3,16.0,13.7,2.3,0.19,31.3,72.5,1007.1,7.4,0.0,2026-05-10,14,7,5,3
"Karachi, Pakistan",2026-05-07 15:00:00,2026-05-07 15:00:00,75.7,24.3,103.4,17.2,16.3,4.8,0.13,32.3,72.4,1004.8,4.7,0.0,2026-05-10,15,7,5,3
"Karachi, Pakistan",2026-05-07 16:00:00,2026-05-07 16:00:00,75.1,23.6,104.5,17.9,16.4,2.5,0.14,33.4,72.1,1009.0,6.1,0.0,2026-05-10,16,7,5,3
"Karachi, Pakistan",2026-05-07 17:00:00,2026-05-07 17:00:00,76.6,23.9,102.7,20.9,12.7,1.9,0.2,33.3,77.1,1006.9,4.7,0.0,2026-05-10,17,7,5,3
"Karachi, Pakistan",2026-05-07 18:00:00,2026-05-07 18:00:00,74.9,25.0,99.7,19.3,14.3,0.8,0.22,33.1,74.2,1008.2,6.7,0.0,2026-05-10,18,7,5,3
"Karachi, Pakistan",2026-05-07 19:00:00,2026-05-07 19:00:00,77.9,24.6,104.0,24.4,15.4,3.1,0.37,34.0,74.9,1007.1,6.7,0.0,2026-05-10,19,7,5,3
"Karachi, Pakistan",2026-05-07 20:00:00,2026-05-07 20:00:00,79.0,26.4,106.0,25.2,17.9,4.4,0.12,34.5,72.0,1005.3,6.0,0.0,2026-05-10,20,7,5,3
"Karachi, Pakistan",2026-05-07 21:00:00,2026-05-07 21:00:00,79.7,24.7,109.3,17.0,14.8,2.1,0.33,33.6,73.5,1006.0,5.1,0.0,2026-05-10,21,7,5,3
"Karachi, Pakistan",2026-05-07 22:00:00,2026-05-07 22:00:00,81.5,28.6,116.4,15.0,12.9,4.2,0.12,35.1,73.8,1008.7,4.4,0.0,2026-05-10,22,7,5,3
"Karachi, Pakistan",2026-05-07 23:00:00,2026-05-07 23:00:00,71.3,21.5,95.8,8.0,9.3,3.2,0.29,33.5,74.4,1006.8,5.9,0.0,2026-05-10,23,7,5,3
"Karachi, Pakistan",2026-05-08 00:00:00,2026-05-08 00:00:00,72.8,23.2,97.4,23.8,15.0,2.2,0.32,33.4,72.9,1007.1,6.2,0.0,2026-05-11,0,8,5,4
"Karachi, Pakistan",2026-05-08 01:00:00,2026-05-08 01:00:00,73.9,23.9,100.9,29.6,15.0,5.1,0.14,31.3,76.9,1007.8,5.2,0.0,2026-05-11,1,8,5,4
"Karachi, Pakistan",2026-05-08 02:00:00,2026-05-08 02:00:00,72.0,21.9,99.9,15.4,11.9,3.6,0.29,32.2,77.4,1007.3,4.1,0.0,2026-05-11,2,8,5,4
"Karachi, Pakistan",2026-05-08 03:00:00,2026-05-08 03:00:00,71.2,19.7,94.0,23.8,16.5,3.1,0.19,29.0,78.8,1008.3,4.2,0.0,2026-05-11,3,8,5,4
"Karachi, Pakistan",2026-05-08 04:00:00,2026-05-08 04:00:00,71.2,21.8,96.6,18.8,14.5,4.7,0.17,29.1,80.9,1008.4,4.1,0.0,2026-05-11,4,8,5,4
"Karachi, Pakistan",2026-05-08 05:00:00,2026-05-08 05:00:00,68.3,20.3,91.4,15.1,12.2,4.9,0.27,28.8,79.9,1005.6,7.1,0.0,2026-05-11,5,8,5,4
"Karachi, Pakistan",2026-05-08 06:00:00,2026-05-08 06:00:00,72.6,22.7,96.2,20.4,11.7,2.9,0.18,28.1,80.4,1007.1,4.6,0.0,2026-05-11,6,8,5,4
"Karachi, Pakistan",2026-05-08 07:00:00,2026-05-08 07:00:00,75.0,22.8,101.3,8.4,15.7,6.1,0.39,29.6,76.2,1008.9,6.6,0.0,2026-05-11,7,8,5,4
"Karachi, Pakistan",2026-05-08 08:00:00,2026-05-08 08:00:00,77.4,25.4,107.4,9.7,11.2,6.6,0.21,29.0,80.4,1009.5,6.2,0.0,2026-05-11,8,8,5,4
"Karachi, Pakistan",2026-05-08 09:00:00,2026-05-08 09:00:00,76.0,25.0,103.9,8.2,14.8,3.0,0.47,28.3,78.7,1007.0,6.5,0.0,2026-05-11,9,8,5,4
"Karachi, Pakistan",2026-05-08 10:00:00,2026-05-08 10:00:00,84.3,29.5,120.9,10.0,9.7,5.0,0.29,27.7,81.5,1006.7,4.8,0.0,2026-05-11,10,8,5,4
"Karachi, Pakistan",2026-05-08 11:00:00,2026-05-08 11:00:00,80.8,26.9,112.5,8.0,15.4,2.1,0.39,27.9,80.9,1007.7,6.0,0.0,2026-05-11,11,8,5,4
"Karachi, Pakistan",2026-05-08 12:00:00,2026-05-08 12:00:00,82.9,26.8,116.5,10.2,13.6,4.2,0.14,29.7,76.3,1007.1,6.4,0.0,2026-05-11,12,8,5,4
"Karachi, Pakistan",2026-05-08 13:00:00,2026-05-08 13:00:00,84.4,30.1,120.9,20.2,11.2,1.8,0.24,29.9,80.6,1006.1,4.7,0.0,2026-05-11,13,8,5,4
"Karachi, Pakistan",2026-05-08 14:00:00,2026-05-08 14:00:00,78.3,24.1,109.9,23.9,14.4,5.3,0.21,32.3,77.3,1009.8,6.9,0.0,2026-05-11,14,8,5,4
"Karachi, Pakistan",2026-05-08 15:00:00,2026-05-08 15:00:00,76.7,24.6,105.0,24.6,13.8,2.3,0.37,34.0,75.2,1006.8,5.5,0.0,2026-05-11,15,8,5,4
"Karachi, Pakistan",2026-05-08 16:00:00,2026-05-08 16:00:00,82.4,27.5,115.7,18.1,11.9,5.4,0.13,33.9,76.0,1005.9,4.9,0.0,2026-05-11,16,8,5,4
"Karachi, Pakistan",2026-05-08 17:00:00,2026-05-08 17:00:00,76.5,24.6,104.9,28.7,16.9,1.7,0.39,33.5,72.2,1006.7,7.5,0.0,2026-05-11,17,8,5,4
"Karachi, Pakistan",2026-05-08 18:00:00,2026-05-08 18:00:00,79.4,25.5,109.1,29.3,11.6,3.3,0.4,34.3,71.8,1009.7,5.0,0.0,2026-05-11,18,8,5,4
"Karachi, Pakistan",2026-05-08 19:00:00,2026-05-08 19:00:00,82.3,28.3,115.9,20.2,16.0,2.6,0.21,35.5,72.6,1008.2,4.2,0.0,2026-05-11,19,8,5,4
"Karachi, Pakistan",2026-05-08 20:00:00,2026-05-08 20:00:00,80.1,27.4,111.6,18.4,14.8,6.5,0.22,35.2,71.9,1008.0,5.3,0.0,2026-05-11,20,8,5,4
"Karachi, Pakistan",2026-05-08 21:00:00,2026-05-08 21:00:00,84.8,27.4,123.2,17.6,16.9,1.3,0.1,35.9,69.2,1007.0,5.5,0.0,2026-05-11,21,8,5,4
"Karachi, Pakistan",2026-05-08 22:00:00,2026-05-08 22:00:00,80.1,27.7,110.6,14.7,12.2,5.7,0.28,34.3,72.2,1008.0,5.6,0.0,2026-05-11,22,8,5,4
"Karachi, Pakistan",2026-05-08 23:00:00,2026-05-08 23:00:00,74.9,24.2,101.0,16.5,12.6,0.0,0.29,33.4,73.1,1009.8,6.2,0.0,2026-05-11,23,8,5,4
"Karachi, Pakistan",2026-05-09 00:00:00,2026-05-09 00:00:00,62.8,17.7,83.8,17.5,4.8,5.4,0.2,31.0,80.1,1007.4,6.0,0.0,2026-05-12,0,9,5,5
"Karachi, Pakistan",2026-05-09 01:00:00,2026-05-09 01:00:00,64.2,17.9,80.8,24.3,11.0,1.9,0.15,32.9,72.2,1008.2,6.2,0.0,2026-05-12,1,9,5,5
"Karachi, Pakistan",2026-05-09 02:00:00,2026-05-09 02:00:00,62.4,16.6,79.7,23.4,9.0,1.4,0.32,31.4,77.3,1004.1,6.5,0.0,2026-05-12,2,9,5,5
"Karachi, Pakistan",2026-05-09 03:00:00,2026-05-09 03:00:00,60.9,18.0,77.2,16.7,6.4,2.3,0.17,31.5,73.7,1006.8,6.2,0.0,2026-05-12,3,9,5,5
"Karachi, Pakistan",2026-05-09 04:00:00,2026-05-09 04:00:00,60.4,17.3,73.0,21.2,8.3,2.2,0.21,29.9,77.3,1008.4,5.2,0.0,2026-05-12,4,9,5,5
"Karachi, Pakistan",2026-05-09 05:00:00,2026-05-09 05:00:00,62.5,17.8,81.2,23.5,6.8,5.5,0.36,29.5,78.2,1008.9,5.4,0.0,2026-05-12,5,9,5,5
"Karachi, Pakistan",2026-05-09 06:00:00,2026-05-09 06:00:00,65.4,21.1,85.6,8.3,9.4,4.4,0.35,28.4,79.9,1006.2,4.2,0.0,2026-05-12,6,9,5,5
"Karachi, Pakistan",2026-05-09 07:00:00,2026-05-09 07:00:00,65.1,19.1,87.1,17.9,5.6,4.2,0.25,27.9,78.8,1008.0,5.6,0.0,2026-05-12,7,9,5,5
"Karachi, Pakistan",2026-05-09 08:00:00,2026-05-09 08:00:00,71.8,22.4,94.6,9.2,9.0,6.3,0.35,28.8,79.3,1008.8,4.6,0.0,2026-05-12,8,9,5,5
"Karachi, Pakistan",2026-05-09 09:00:00,2026-05-09 09:00:00,78.1,25.0,106.4,17.8,7.5,5.0,0.24,27.9,84.3,1011.0,4.5,0.0,2026-05-12,9,9,5,5
"Karachi, Pakistan",2026-05-09 10:00:00,2026-05-09 10:00:00,72.4,23.2,94.6,8.9,9.3,1.9,0.46,28.7,81.7,1007.1,6.2,0.0,2026-05-12,10,9,5,5
"Karachi, Pakistan",2026-05-09 11:00:00,2026-05-09 11:00:00,73.6,22.6,99.8,14.1,9.3,3.7,0.22,29.2,79.7,1006.7,5.5,0.0,2026-05-12,11,9,5,5
"Karachi, Pakistan",2026-05-09 12:00:00,2026-05-09 12:00:00,75.0,23.4,104.3,13.1,13.5,1.9,0.34,30.7,79.4,1007.9,5.7,0.0,2026-05-12,12,9,5,5
"Karachi, Pakistan",2026-05-09 13:00:00,2026-05-09 13:00:00,73.3,21.0,97.9,10.5,9.0,2.2,0.21,30.5,75.5,1007.2,4.4,0.0,2026-05-12,13,9,5,5
"Karachi, Pakistan",2026-05-09 14:00:00,2026-05-09 14:00:00,75.3,25.4,102.1,15.0,10.9,2.4,0.27,31.5,74.3,1006.8,5.3,0.0,2026-05-12,14,9,5,5
"Karachi, Pakistan",2026-05-09 15:00:00,2026-05-09 15:00:00,77.0,24.3,107.5,24.4,9.3,1.4,0.15,31.8,75.0,1008.6,4.2,0.0,2026-05-12,15,9,5,5
"Karachi, Pakistan",2026-05-09 16:00:00,2026-05-09 16:00:00,72.1,20.6,97.1,25.2,9.7,0.3,0.13,33.2,75.3,1007.7,4.7,0.0,2026-05-12,16,9,5,5
"Karachi, Pakistan",2026-05-09 17:00:00,2026-05-09 17:00:00,72.7,21.8,94.7,26.3,6.4,1.2,0.13,34.5,70.8,1007.3,5.8,0.0,2026-05-12,17,9,5,5
"Karachi, Pakistan",2026-05-09 18:00:00,2026-05-09 18:00:00,72.7,21.8,97.1,27.8,6.9,3.9,0.25,34.4,72.2,1010.1,6.2,0.0,2026-05-12,18,9,5,5
"Karachi, Pakistan",2026-05-09 19:00:00,2026-05-09 19:00:00,73.6,22.4,100.2,26.1,7.0,1.6,0.21,35.0,70.5,1008.1,6.0,0.0,2026-05-12,19,9,5,5
"Karachi, Pakistan",2026-05-09 20:00:00,2026-05-09 20:00:00,73.4,23.0,101.4,19.8,5.5,2.2,0.2,33.7,72.3,1008.2,5.4,0.0,2026-05-12,20,9,5,5
"Karachi, Pakistan",2026-05-09 21:00:00,2026-05-09 21:00:00,73.3,22.1,97.9,12.2,10.0,6.0,0.38,35.2,72.7,1008.9,4.4,0.0,2026-05-12,21,9,5,5
"Karachi, Pakistan",2026-05-09 22:00:00,2026-05-09 22:00:00,72.1,22.5,95.5,14.1,8.5,2.0,0.38,34.9,71.1,1008.7,4.9,0.0,2026-05-12,22,9,5,5
"Karachi, Pakistan",2026-05-09 23:00:00,2026-05-09 23:00:00,69.8,21.0,90.2,11.7,9.3,2.3,0.21,33.0,74.2,1007.0,5.4,0.0,2026-05-12,23,9,5,5
"Karachi, Pakistan",2026-05-10 00:00:00,2026-05-10 00:00:00,64.2,17.8,80.7,24.0,7.0,5.0,0.37,33.0,72.5,1008.9,6.8,0.0,2026-05-13,0,10,5,6
"Karachi, Pakistan",2026-05-10 01:00:00,2026-05-10 01:00:00,63.7,19.3,81.0,28.4,11.3,5.0,0.28,32.6,75.6,1009.5,5.3,0.0,2026-05-13,1,10,5,6
"Karachi, Pakistan",2026-05-10 02:00:00,2026-05-10 02:00:00,62.3,17.2,75.5,14.9,10.2,2.3,0.3,31.1,76.3,1006.7,6.5,0.0,2026-05-13,2,10,5,6
"Karachi, Pakistan",2026-05-10 03:00:00,2026-05-10 03:00:00,62.9,18.4,78.8,15.0,10.0,1.6,0.38,31.0,76.2,1008.3,4.4,0.0,2026-05-13,3,10,5,6
"Karachi, Pakistan",2026-05-10 04:00:00,2026-05-10 04:00:00,60.1,17.8,72.7,14.8,8.5,5.8,0.31,29.2,76.3,1009.2,6.1,0.0,2026-05-13,4,10,5,6
"Karachi, Pakistan",2026-05-10 05:00:00,2026-05-10 05:00:00,59.9,15.5,72.7,15.8,7.8,5.6,0.36,27.9,81.3,1007.9,7.0,0.0,2026-05-13,5,10,5,6
"Karachi, Pakistan",2026-05-10 06:00:00,2026-05-10 06:00:00,61.6,16.7,70.7,19.8,6.0,1.2,0.21,28.3,81.9,1007.0,6.5,0.0,2026-05-13,6,10,5,6
"Karachi, Pakistan",2026-05-10 07:00:00,2026-05-10 07:00:00,71.3,21.0,92.9,20.5,9.1,5.5,0.21,28.2,84.0,1008.4,5.3,0.0,2026-05-13,7,10,5,6
"Karachi, Pakistan",2026-05-10 08:00:00,2026-05-10 08:00:00,70.8,20.8,89.1,6.2,9.4,4.7,0.42,29.9,76.6,1007.7,5.9,0.0,2026-05-13,8,10,5,6
"Karachi, Pakistan",2026-05-10 09:00:00,2026-05-10 09:00:00,73.0,24.1,100.7,17.4,6.5,2.3,0.49,27.8,78.5,1006.8,5.6,0.0,2026-05-13,9,10,5,6
"Karachi, Pakistan",2026-05-10 10:00:00,2026-05-10 10:00:00,82.6,28.1,116.9,19.9,3.8,7.4,0.4,29.1,77.8,1008.0,4.0,0.0,2026-05-13,10,10,5,6
"Karachi, Pakistan",2026-05-10 11:00:00,2026-05-10 11:00:00,79.1,23.8,112.1,8.9,10.6,4.3,0.2,28.4,74.7,1005.5,4.8,0.0,2026-05-13,11,10,5,6
"Karachi, Pakistan",2026-05-10 12:00:00,2026-05-10 12:00:00,75.5,23.5,103.1,11.8,12.4,3.2,0.32,30.2,78.0,1009.4,7.4,0.0,2026-05-13,12,10,5,6
"Karachi, Pakistan",2026-05-10 13:00:00,2026-05-10 13:00:00,80.4,26.2,108.7,14.9,10.2,4.3,0.36,29.2,81.7,1007.2,4.3,0.0,2026-05-13,13,10,5,6
"Karachi, Pakistan",2026-05-10 14:00:00,2026-05-10 14:00:00,78.6,25.5,104.9,26.0,7.7,4.9,0.22,31.3,75.6,1009.1,4.2,0.0,2026-05-13,14,10,5,6
"Karachi, Pakistan",2026-05-10 15:00:00,2026-05-10 15:00:00,74.0,23.5,100.0,20.5,5.6,5.6,0.33,31.3,76.5,1008.3,5.3,0.0,2026-05-13,15,10,5,6
"Karachi, Pakistan",2026-05-10 16:00:00,2026-05-10 16:00:00,73.0,24.5,102.2,16.3,8.2,1.5,0.11,32.0,78.5,1008.1,6.5,0.0,2026-05-13,16,10,5,6
"Karachi, Pakistan",2026-05-10 17:00:00,2026-05-10 17:00:00,71.5,23.3,95.7,30.0,4.4,5.0,0.16,35.8,69.3,1008.0,7.4,0.0,2026-05-13,17,10,5,6
"Karachi, Pakistan",2026-05-10 18:00:00,2026-05-10 18:00:00,73.1,23.1,98.6,18.6,6.5,5.7,0.33,35.9,68.2,1006.8,4.1,0.0,2026-05-13,18,10,5,6
"Karachi, Pakistan",2026-05-10 19:00:00,2026-05-10 19:00:00,73.9,23.3,97.9,15.4,7.0,6.1,0.1,35.3,71.5,1009.2,6.3,0.0,2026-05-13,19,10,5,6
"Karachi, Pakistan",2026-05-10 20:00:00,2026-05-10 20:00:00,69.9,22.1,95.3,16.4,5.2,5.5,0.14,33.9,70.7,1005.2,7.3,0.0,2026-05-13,20,10,5,6
"Karachi, Pakistan",2026-05-10 21:00:00,2026-05-10 21:00:00,74.9,23.6,100.2,10.1,8.3,5.4,0.3,34.8,70.7,1008.9,4.8,0.0,2026-05-13,21,10,5,6
"Karachi, Pakistan",2026-05-10 22:00:00,2026-05-10 22:00:00,73.8,22.7,98.6,11.3,6.9,1.8,0.4,34.9,73.1,1007.3,5.8,0.0,2026-05-13,22,10,5,6
"Karachi, Pakistan",2026-05-10 23:00:00,2026-05-10 23:00:00,72.6,22.5,99.3,15.6,9.0,5.4,0.18,33.6,75.0,1006.2,5.9,0.0,2026-05-13,23,10,5,6
"Karachi, Pakistan",2026-05-11 00:00:00,2026-05-11 00:00:00,72.8,20.7,96.4,22.4,13.8,4.8,0.31,33.2,71.6,1008.0,6.0,0.0,2026-05-14,0,11,5,0
"Karachi, Pakistan",2026-05-11 01:00:00,2026-05-11 01:00:00,69.3,19.9,91.5,20.3,15.1,4.4,0.23,32.3,73.1,1007.2,6.6,0.0,2026-05-14,1,11,5,0
"Karachi, Pakistan",2026-05-11 02:00:00,2026-05-11 02:00:00,72.2,21.6,93.7,23.2,13.3,4.5,0.22,31.5,76.9,1008.3,4.3,0.0,2026-05-14,2,11,5,0
"Karachi, Pakistan",2026-05-11 03:00:00,2026-05-11 03:00:00,69.0,20.0,87.5,26.4,12.3,2.3,0.18,30.6,76.7,1010.2,4.7,0.0,2026-05-14,3,11,5,0
"Karachi, Pakistan",2026-05-11 04:00:00,2026-05-11 04:00:00,67.6,20.3,90.6,13.7,14.2,4.8,0.19,30.4,73.9,1009.8,5.9,0.0,2026-05-14,4,11,5,0
"Karachi, Pakistan",2026-05-11 05:00:00,2026-05-11 05:00:00,71.5,22.1,90.6,20.9,13.6,2.7,0.26,29.4,76.8,1009.0,4.9,0.0,2026-05-14,5,11,5,0
"Karachi, Pakistan",2026-05-11 06:00:00,2026-05-11 06:00:00,68.3,19.8,92.5,10.2,14.6,5.9,0.2,28.8,80.3,1010.8,6.8,0.0,2026-05-14,6,11,5,0
"Karachi, Pakistan",2026-05-11 07:00:00,2026-05-11 07:00:00,78.1,25.1,110.9,19.9,12.8,4.2,0.47,28.8,82.4,1007.5,4.3,0.0,2026-05-14,7,11,5,0
"Karachi, Pakistan",2026-05-11 08:00:00,2026-05-11 08:00:00,82.7,26.7,115.4,11.7,12.4,0.8,0.29,28.3,79.0,1009.2,4.3,0.0,2026-05-14,8,11,5,0
"Karachi, Pakistan",2026-05-11 09:00:00,2026-05-11 09:00:00,78.7,24.7,111.5,16.2,16.2,1.8,0.22,29.7,79.0,1008.4,5.2,0.0,2026-05-14,9,11,5,0
"Karachi, Pakistan",2026-05-11 10:00:00,2026-05-11 10:00:00,80.7,26.9,112.1,10.0,11.1,2.7,0.22,29.0,83.2,1008.6,5.9,0.0,2026-05-14,10,11,5,0
"Karachi, Pakistan",2026-05-11 11:00:00,2026-05-11 11:00:00,82.5,28.0,118.8,11.8,12.8,4.6,0.32,29.6,78.9,1010.0,6.4,0.0,2026-05-14,11,11,5,0
"Karachi, Pakistan",2026-05-11 12:00:00,2026-05-11 12:00:00,81.3,27.4,112.2,20.4,13.5,2.3,0.23,29.0,83.0,1008.8,5.6,0.0,2026-05-14,12,11,5,0
"Karachi, Pakistan",2026-05-11 13:00:00,2026-05-11 13:00:00,79.4,25.5,109.0,11.3,11.0,5.5,0.2,29.8,81.8,1005.8,6.7,0.0,2026-05-14,13,11,5,0
"Karachi, Pakistan",2026-05-11 14:00:00,2026-05-11 14:00:00,79.2,25.6,112.3,26.8,13.0,6.1,0.22,30.5,77.5,1006.6,7.3,0.0,2026-05-14,14,11,5,0
"Karachi, Pakistan",2026-05-11 15:00:00,2026-05-11 15:00:00,82.4,26.1,114.2,15.9,13.0,4.3,0.37,31.0,79.0,1007.7,5.1,0.0,2026-05-14,15,11,5,0
"Karachi, Pakistan",2026-05-11 16:00:00,2026-05-11 16:00:00,81.6,26.5,112.3,18.9,13.3,7.3,0.12,33.9,73.8,1009.4,4.4,0.0,2026-05-14,16,11,5,0
"Karachi, Pakistan",2026-05-11 17:00:00,2026-05-11 17:00:00,79.2,26.1,110.7,23.3,12.9,3.7,0.2,32.2,77.4,1006.6,5.8,0.0,2026-05-14,17,11,5,0
"Karachi, Pakistan",2026-05-11 18:00:00,2026-05-11 18:00:00,73.1,22.1,98.4,16.3,13.6,2.0,0.34,34.3,71.4,1007.6,7.4,0.0,2026-05-14,18,11,5,0
"Karachi, Pakistan",2026-05-11 19:00:00,2026-05-11 19:00:00,80.8,26.3,116.1,15.5,14.9,4.0,0.26,36.2,72.6,1006.9,5.2,0.0,2026-05-14,19,11,5,0
"Karachi, Pakistan",2026-05-11 20:00:00,2026-05-11 20:00:00,83.7,28.4,118.4,13.2,15.7,5.5,0.15,34.6,73.7,1006.4,4.7,0.0,2026-05-14,20,11,5,0
"Karachi, Pakistan",2026-05-11 21:00:00,2026-05-11 21:00:00,86.0,31.0,120.9,11.1,14.2,1.2,0.2,33.7,72.7,1006.1,4.6,0.0,2026-05-14,21,11,5,0
"Karachi, Pakistan",2026-05-11 22:00:00,2026-05-11 22:00:00,74.1,23.3,98.6,12.6,11.6,3.6,0.39,35.2,70.3,1008.3,7.2,0.0,2026-05-14,22,11,5,0
"Karachi, Pakistan",2026-05-11 23:00:00,2026-05-11 23:00:00,75.5,22.6,102.4,9.3,12.5,5.5,0.16,34.0,74.8,1007.4,6.2,0.0,2026-05-14,23,11,5,0
"Karachi, Pakistan",2026-05-12 00:00:00,2026-05-12 00:00:00,71.7,19.1,97.2,28.1,13.6,4.0,0.37,31.7,73.8,1007.4,7.3,0.0,2026-05-15,0,12,5,1
"Karachi, Pakistan",2026-05-12 01:00:00,2026-05-12 01:00:00,73.5,23.4,99.8,22.2,14.7,2.0,0.16,31.0,74.0,1009.2,4.8,0.0,2026-05-15,1,12,5,1
"Karachi, Pakistan",2026-05-12 02:00:00,2026-05-12 02:00:00,69.4,21.8,91.1,15.3,14.6,3.0,0.11,31.1,76.9,1009.1,5.3,0.0,2026-05-15,2,12,5,1
"Karachi, Pakistan",2026-05-12 03:00:00,2026-05-12 03:00:00,70.7,21.5,92.0,15.5,13.9,3.1,0.33,29.7,75.3,1009.6,6.4,0.0,2026-05-15,3,12,5,1
"Karachi, Pakistan",2026-05-12 04:00:00,2026-05-12 04:00:00,62.4,17.9,76.7,23.4,13.3,5.0,0.11,29.7,78.9,1009.2,6.8,0.0,2026-05-15,4,12,5,1
"Karachi, Pakistan",2026-05-12 05:00:00,2026-05-12 05:00:00,70.0,22.5,94.5,24.3,9.2,6.4,0.29,30.3,78.6,1004.8,5.6,0.0,2026-05-15,5,12,5,1
"Karachi, Pakistan",2026-05-12 06:00:00,2026-05-12 06:00:00,69.0,19.5,90.2,17.1,13.7,3.2,0.23,28.2,82.8,1006.2,6.9,0.0,2026-05-15,6,12,5,1
"Karachi, Pakistan",2026-05-12 07:00:00,2026-05-12 07:00:00,75.3,24.1,103.2,11.0,11.9,0.0,0.21,28.5,81.0,1008.1,6.7,0.0,2026-05-15,7,12,5,1
"Karachi, Pakistan",2026-05-12 08:00:00,2026-05-12 08:00:00,75.5,23.7,104.3,14.7,15.0,3.3,0.31,27.9,83.9,1009.3,7.2,0.0,2026-05-15,8,12,5,1
"Karachi, Pakistan",2026-05-12 09:00:00,2026-05-12 09:00:00,82.7,27.3,114.1,18.0,13.6,2.7,0.42,27.6,79.4,1009.3,4.9,0.0,2026-05-15,9,12,5,1
"Karachi, Pakistan",2026-05-12 10:00:00,2026-05-12 10:00:00,83.1,26.9,117.6,20.1,11.9,4.1,0.29,28.6,80.4,1010.0,7.4,0.0,2026-05-15,10,12,5,1
"Karachi, Pakistan",2026-05-12 11:00:00,2026-05-12 11:00:00,89.0,31.9,124.2,16.4,13.0,5.3,0.15,30.4,76.3,1009.1,5.6,0.0,2026-05-15,11,12,5,1
"Karachi, Pakistan",2026-05-12 12:00:00,2026-05-12 12:00:00,82.9,28.2,117.2,15.3,11.9,5.0,0.17,30.3,79.6,1007.9,6.6,0.0,2026-05-15,12,12,5,1
"Karachi, Pakistan",2026-05-12 13:00:00,2026-05-12 13:00:00,82.6,26.8,116.7,17.5,13.3,2.5,0.23,31.1,75.5,1008.5,6.4,0.0,2026-05-15,13,12,5,1
"Karachi, Pakistan",2026-05-12 14:00:00,2026-05-12 14:00:00,80.7,27.2,117.0,23.0,16.3,2.6,0.25,31.7,76.4,1006.1,5.8,0.0,2026-05-15,14,12,5,1
"Karachi, Pakistan",2026-05-12 15:00:00,2026-05-12 15:00:00,84.4,27.8,118.3,22.4,14.8,0.8,0.16,33.6,73.9,1008.8,5.1,0.0,2026-05-15,15,12,5,1
"Karachi, Pakistan",2026-05-12 16:00:00,2026-05-12 16:00:00,82.3,28.8,114.8,28.4,11.5,3.3,0.37,33.6,74.4,1007.5,4.9,0.0,2026-05-15,16,12,5,1
"Karachi, Pakistan",2026-05-12 17:00:00,2026-05-12 17:00:00,79.1,25.4,111.8,22.2,13.7,2.4,0.38,35.4,71.5,1006.4,7.2,0.0,2026-05-15,17,12,5,1
"Karachi, Pakistan",2026-05-12 18:00:00,2026-05-12 18:00:00,79.5,26.4,111.4,24.0,12.4,6.0,0.14,33.1,74.0,1006.1,6.3,0.0,2026-05-15,18,12,5,1
"Karachi, Pakistan",2026-05-12 19:00:00,2026-05-12 19:00:00,77.5,24.6,104.0,22.8,13.3,6.0,0.37,35.6,73.0,1009.2,7.3,0.0,2026-05-15,19,12,5,1
"Karachi, Pakistan",2026-05-12 20:00:00,2026-05-12 20:00:00,83.4,29.2,119.3,18.1,16.9,5.3,0.12,34.6,68.5,1007.4,5.8,0.0,2026-05-15,20,12,5,1
"Karachi, Pakistan",2026-05-12 21:00:00,2026-05-12 21:00:00,82.9,27.1,119.0,21.2,13.9,5.2,0.33,35.8,70.6,1005.6,4.9,0.0,2026-05-15,21,12,5,1
"Karachi, Pakistan",2026-05-12 22:00:00,2026-05-12 22:00:00,82.2,26.3,117.3,21.9,10.5,4.6,0.28,33.3,76.6,1007.3,4.8,0.0,2026-05-15,22,12,5,1
"Karachi, Pakistan",2026-05-12 23:00:00,2026-05-12 23:00:00,77.2,23.6,106.4,18.0,12.1,3.3,0.13,36.2,71.2,1007.3,5.8,0.0,2026-05-15,23,12,5,1
"Karachi, Pakistan",2026-05-13 00:00:00,2026-05-13 00:00:00,75.5,23.4,101.4,22.3,14.7,3.0,0.31,32.1,74.9,1010.1,5.3,0.0,2026-05-16,0,13,5,2
"Karachi, Pakistan",2026-05-13 01:00:00,2026-05-13 01:00:00,69.6,20.6,91.5,23.2,13.3,2.4,0.36,31.8,75.3,1008.0,7.1,0.0,2026-05-16,1,13,5,2
"Karachi, Pakistan",2026-05-13 02:00:00,2026-05-13 02:00:00,66.9,20.1,85.9,27.6,14.8,4.9,0.37,33.0,70.6,1008.4,6.9,0.0,2026-05-16,2,13,5,2
"Karachi, Pakistan",2026-05-13 03:00:00,2026-05-13 03:00:00,71.2,20.3,94.0,16.4,13.1,2.5,0.21,30.4,76.1,1008.1,5.1,0.0,2026-05-16,3,13,5,2
"Karachi, Pakistan",2026-05-13 04:00:00,2026-05-13 04:00:00,68.9,20.4,91.7,13.3,15.2,5.0,0.12,29.7,78.0,1007.4,6.2,0.0,2026-05-16,4,13,5,2
"Karachi, Pakistan",2026-05-13 05:00:00,2026-05-13 05:00:00,73.6,23.1,99.1,22.6,13.2,1.7,0.25,28.2,86.1,1008.4,4.7,0.0,2026-05-16,5,13,5,2
"Karachi, Pakistan",2026-05-13 06:00:00,2026-05-13 06:00:00,73.9,21.5,98.9,21.4,13.0,5.6,0.11,27.5,79.0,1008.5,5.3,0.0,2026-05-16,6,13,5,2
"Karachi, Pakistan",2026-05-13 07:00:00,2026-05-13 07:00:00,78.4,24.6,112.5,20.7,14.4,2.1,0.41,28.5,78.4,1007.7,5.1,0.0,2026-05-16,7,13,5,2
"Karachi, Pakistan",2026-05-13 08:00:00,2026-05-13 08:00:00,84.4,25.9,120.7,8.9,14.9,7.4,0.32,27.3,78.2,1008.5,4.7,0.0,2026-05-16,8,13,5,2
"Karachi, Pakistan",2026-05-13 09:00:00,2026-05-13 09:00:00,84.3,29.9,119.2,19.1,13.4,3.4,0.36,29.7,77.5,1005.5,5.8,0.0,2026-05-16,9,13,5,2
"Karachi, Pakistan",2026-05-13 10:00:00,2026-05-13 10:00:00,84.2,29.9,115.3,18.1,9.4,3.2,0.37,27.9,81.0,1009.0,7.4,0.0,2026-05-16,10,13,5,2
"Karachi, Pakistan",2026-05-13 11:00:00,2026-05-13 11:00:00,92.8,32.1,134.5,12.5,12.4,3.3,0.15,30.2,75.7,1008.4,4.3,0.0,2026-05-16,11,13,5,2
"Karachi, Pakistan",2026-05-13 12:00:00,2026-05-13 12:00:00,85.7,30.6,120.6,8.5,14.3,3.5,0.12,30.0,76.5,1007.6,6.4,0.0,2026-05-16,12,13,5,2
"Karachi, Pakistan",2026-05-13 13:00:00,2026-05-13 13:00:00,87.0,27.6,122.6,13.3,14.7,2.2,0.23,31.3,77.6,1010.7,4.2,0.0,2026-05-16,13,13,5,2
"Karachi, Pakistan",2026-05-13 14:00:00,2026-05-13 14:00:00,86.2,28.0,124.7,22.3,11.2,1.9,0.21,31.1,72.8,1008.6,5.7,0.0,2026-05-16,14,13,5,2
"Karachi, Pakistan",2026-05-13 15:00:00,2026-05-13 15:00:00,81.0,25.2,113.2,16.7,12.7,1.8,0.14,31.9,73.0,1009.4,6.3,0.0,2026-05-16,15,13,5,2
"Karachi, Pakistan",2026-05-13 16:00:00,2026-05-13 16:00:00,83.7,28.3,122.2,18.5,12.4,3.9,0.23,33.4,71.0,1009.8,4.5,0.0,2026-05-16,16,13,5,2
"Karachi, Pakistan",2026-05-13 17:00:00,2026-05-13 17:00:00,80.3,26.0,108.8,20.5,13.5,3.4,0.22,32.8,71.7,1007.3,7.0,0.0,2026-05-16,17,13,5,2
"Karachi, Pakistan",2026-05-13 18:00:00,2026-05-13 18:00:00,81.4,24.2,114.9,22.1,13.7,3.6,0.14,35.3,73.4,1007.2,6.1,0.0,2026-05-16,18,13,5,2
"Karachi, Pakistan",2026-05-13 19:00:00,2026-05-13 19:00:00,82.5,27.3,117.2,25.6,13.5,2.0,0.27,32.6,73.2,1010.7,5.4,0.0,2026-05-16,19,13,5,2
"Karachi, Pakistan",2026-05-13 20:00:00,2026-05-13 20:00:00,83.9,27.7,120.2,16.8,15.3,5.3,0.4,34.1,73.2,1006.4,5.9,0.0,2026-05-16,20,13,5,2
"Karachi, Pakistan",2026-05-13 21:00:00,2026-05-13 21:00:00,87.0,29.2,123.9,17.6,17.3,3.1,0.28,35.2,73.0,1007.0,5.0,0.0,2026-05-16,21,13,5,2
"Karachi, Pakistan",2026-05-13 22:00:00,2026-05-13 22:00:00,83.9,27.6,118.2,15.6,15.0,5.6,0.21,36.3,69.5,1007.7,6.2,0.0,2026-05-16,22,13,5,2
"Karachi, Pakistan",2026-05-13 23:00:00,2026-05-13 23:00:00,79.7,26.6,110.0,17.0,13.8,4.8,0.24,32.8,74.7,1007.0,4.7,0.0,2026-05-16,23,13,5,2
"Karachi, Pakistan",2026-05-14 00:00:00,2026-05-14 00:00:00,79.0,26.2,111.3,24.6,14.7,3.0,0.37,34.9,78.4,1009.3,4.7,0.0,2026-05-17,0,14,5,3
"Karachi, Pakistan",2026-05-14 01:00:00,2026-05-14 01:00:00,79.2,26.1,110.6,25.6,12.0,2.3,0.14,30.7,77.6,1006.2,4.5,0.0,2026-05-17,1,14,5,3
"Karachi, Pakistan",2026-05-14 02:00:00,2026-05-14 02:00:00,77.3,25.3,107.9,28.0,12.0,4.3,0.37,31.8,76.0,1010.6,5.5,0.0,2026-05-17,2,14,5,3
"Karachi, Pakistan",2026-05-14 03:00:00,2026-05-14 03:00:00,75.4,23.2,100.6,16.2,13.6,2.9,0.23,29.6,75.3,1009.7,4.7,0.0,2026-05-17,3,14,5,3
"Karachi, Pakistan",2026-05-14 04:00:00,2026-05-14 04:00:00,69.6,20.0,92.1,22.3,18.4,5.6,0.23,29.1,81.1,1007.7,7.4,0.0,2026-05-17,4,14,5,3
"Karachi, Pakistan",2026-05-14 05:00:00,2026-05-14 05:00:00,71.8,22.1,95.3,19.3,10.1,2.7,0.18,29.3,75.3,1009.5,5.7,0.0,2026-05-17,5,14,5,3
"Karachi, Pakistan",2026-05-14 06:00:00,2026-05-14 06:00:00,74.7,22.8,101.7,10.3,15.6,5.2,0.3,27.8,79.3,1006.5,5.8,0.0,2026-05-17,6,14,5,3
"Karachi, Pakistan",2026-05-14 07:00:00,2026-05-14 07:00:00,84.6,25.9,120.4,10.6,16.8,6.2,0.3,27.8,83.0,1008.8,4.1,0.0,2026-05-17,7,14,5,3
"Karachi, Pakistan",2026-05-14 08:00:00,2026-05-14 08:00:00,78.4,26.8,109.6,19.9,14.1,4.7,0.34,29.2,82.3,1012.2,7.1,0.0,2026-05-17,8,14,5,3
"Karachi, Pakistan",2026-05-14 09:00:00,2026-05-14 09:00:00,82.1,26.7,116.8,13.9,14.4,3.4,0.41,27.9,78.1,1006.4,6.6,0.0,2026-05-17,9,14,5,3
"Karachi, Pakistan",2026-05-14 10:00:00,2026-05-14 10:00:00,78.5,24.9,108.5,5.8,17.1,3.9,0.45,27.8,82.0,1009.9,7.5,0.0,2026-05-17,10,14,5,3
"Karachi, Pakistan",2026-05-14 11:00:00,2026-05-14 11:00:00,86.7,29.1,126.1,21.2,15.5,1.1,0.32,28.8,77.8,1007.9,4.8,0.0,2026-05-17,11,14,5,3
"Karachi, Pakistan",2026-05-14 12:00:00,2026-05-14 12:00:00,81.4,27.4,114.8,11.2,12.8,4.2,0.15,29.1,82.2,1011.8,7.3,0.0,2026-05-17,12,14,5,3
"Karachi, Pakistan",2026-05-14 13:00:00,2026-05-14 13:00:00,82.1,26.2,117.8,19.9,15.0,0.9,0.23,31.4,73.7,1008.5,5.6,0.0,2026-05-17,13,14,5,3
"Karachi, Pakistan",2026-05-14 14:00:00,2026-05-14 14:00:00,85.6,28.5,120.9,22.6,16.3,3.6,0.21,30.8,77.7,1006.2,4.9,0.0,2026-05-17,14,14,5,3
"Karachi, Pakistan",2026-05-14 15:00:00,2026-05-14 15:00:00,81.7,25.7,112.4,13.9,16.2,5.0,0.26,32.0,73.4,1009.3,5.8,0.0,2026-05-17,15,14,5,3
"Karachi, Pakistan",2026-05-14 16:00:00,2026-05-14 16:00:00,77.4,26.1,110.9,17.9,17.8,3.9,0.1,33.2,69.7,1007.8,7.1,0.0,2026-05-17,16,14,5,3
"Karachi, Pakistan",2026-05-14 17:00:00,2026-05-14 17:00:00,82.7,27.6,115.6,27.8,13.7,1.4,0.25,33.3,72.4,1007.5,4.1,0.0,2026-05-17,17,14,5,3
"Karachi, Pakistan",2026-05-14 18:00:00,2026-05-14 18:00:00,82.6,26.9,120.1,27.5,13.7,4.2,0.13,35.2,68.9,1005.3,5.2,0.0,2026-05-17,18,14,5,3
"Karachi, Pakistan",2026-05-14 19:00:00,2026-05-14 19:00:00,82.7,26.4,119.9,26.6,10.5,2.9,0.24,33.8,77.7,1006.6,4.7,0.0,2026-05-17,19,14,5,3
"Karachi, Pakistan",2026-05-14 20:00:00,2026-05-14 20:00:00,79.9,27.0,112.7,16.3,8.6,2.9,0.17,35.9,68.6,1008.0,6.9,0.0,2026-05-17,20,14,5,3
"Karachi, Pakistan",2026-05-14 21:00:00,2026-05-14 21:00:00,84.0,26.6,116.5,10.1,18.6,5.8,0.22,34.6,69.3,1009.5,4.2,0.0,2026-05-17,21,14,5,3
"Karachi, Pakistan",2026-05-14 22:00:00,2026-05-14 22:00:00,83.2,27.0,118.8,14.0,12.2,0.4,0.25,34.6,76.6,1005.2,4.2,0.0,2026-05-17,22,14,5,3
"Karachi, Pakistan",2026-05-14 23:00:00,2026-05-14 23:00:00,79.0,23.9,109.5,19.7,11.1,2.7,0.34,35.1,72.6,1009.2,5.7,0.0,2026-05-17,23,14,5,3
"Karachi, Pakistan",2026-05-15 00:00:00,2026-05-15 00:00:00,77.7,26.0,102.4,15.4,12.5,1.9,0.22,33.0,76.3,1008.0,5.4,0.0,2026-05-18,0,15,5,4
"Karachi, Pakistan",2026-05-15 01:00:00,2026-05-15 01:00:00,78.2,25.5,109.0,17.5,15.1,4.5,0.2,33.1,75.3,1007.3,4.6,0.0,2026-05-18,1,15,5,4
"Karachi, Pakistan",2026-05-15 02:00:00,2026-05-15 02:00:00,69.5,18.9,90.6,24.2,12.0,3.9,0.32,31.2,72.7,1009.6,5.8,0.0,2026-05-18,2,15,5,4
"Karachi, Pakistan",2026-05-15 03:00:00,2026-05-15 03:00:00,66.3,21.7,86.1,26.0,13.3,2.2,0.24,30.8,77.1,1007.0,7.3,0.0,2026-05-18,3,15,5,4
"Karachi, Pakistan",2026-05-15 04:00:00,2026-05-15 04:00:00,70.2,20.4,93.7,25.5,11.6,5.7,0.33,29.8,77.9,1007.3,5.0,0.0,2026-05-18,4,15,5,4
"Karachi, Pakistan",2026-05-15 05:00:00,2026-05-15 05:00:00,75.1,23.4,99.3,21.7,13.5,6.1,0.35,29.8,79.3,1006.5,4.7,0.0,2026-05-18,5,15,5,4
"Karachi, Pakistan",2026-05-15 06:00:00,2026-05-15 06:00:00,72.8,21.8,96.5,14.9,15.9,2.4,0.38,29.0,77.5,1007.5,5.0,0.0,2026-05-18,6,15,5,4
"Karachi, Pakistan",2026-05-15 07:00:00,2026-05-15 07:00:00,71.6,24.2,93.9,9.8,16.2,3.9,0.39,28.9,80.8,1006.4,6.6,0.0,2026-05-18,7,15,5,4
"Karachi, Pakistan",2026-05-15 08:00:00,2026-05-15 08:00:00,83.0,26.0,116.5,11.5,13.0,4.1,0.44,27.9,81.1,1008.7,5.7,0.0,2026-05-18,8,15,5,4
"Karachi, Pakistan",2026-05-15 09:00:00,2026-05-15 09:00:00,88.5,29.8,127.0,17.8,14.3,5.9,0.28,27.0,81.7,1007.6,4.9,0.0,2026-05-18,9,15,5,4
"Karachi, Pakistan",2026-05-15 10:00:00,2026-05-15 10:00:00,82.5,25.5,114.2,8.9,19.6,3.3,0.28,28.4,81.7,1008.9,6.5,0.0,2026-05-18,10,15,5,4
"Karachi, Pakistan",2026-05-15 11:00:00,2026-05-15 11:00:00,82.7,28.9,115.7,16.8,13.0,4.6,0.28,28.8,75.7,1010.9,5.6,0.0,2026-05-18,11,15,5,4
"Karachi, Pakistan",2026-05-15 12:00:00,2026-05-15 12:00:00,87.6,29.9,124.9,18.0,13.7,4.8,0.39,27.9,79.6,1007.3,5.1,0.0,2026-05-18,12,15,5,4
"Karachi, Pakistan",2026-05-15 13:00:00,2026-05-15 13:00:00,90.8,32.4,133.1,24.8,13.0,4.9,0.28,30.7,76.5,1006.0,4.3,0.0,2026-05-18,13,15,5,4
"Karachi, Pakistan",2026-05-15 14:00:00,2026-05-15 14:00:00,82.7,26.3,120.3,16.1,12.2,2.5,0.26,30.4,77.4,1010.4,6.6,0.0,2026-05-18,14,15,5,4
"Karachi, Pakistan",2026-05-15 15:00:00,2026-05-15 15:00:00,87.5,30.3,124.5,22.7,13.8,4.7,0.12,31.3,73.7,1009.4,4.4,0.0,2026-05-18,15,15,5,4
"Karachi, Pakistan",2026-05-15 16:00:00,2026-05-15 16:00:00,82.1,28.0,118.4,20.2,15.0,2.4,0.18,33.2,72.7,1007.5,5.9,0.0,2026-05-18,16,15,5,4
"Karachi, Pakistan",2026-05-15 17:00:00,2026-05-15 17:00:00,87.4,28.1,122.4,26.7,12.7,0.8,0.21,34.1,74.0,1006.7,4.4,0.0,2026-05-18,17,15,5,4
"Karachi, Pakistan",2026-05-15 18:00:00,2026-05-15 18:00:00,83.5,27.6,121.2,19.1,11.2,2.9,0.32,34.3,73.7,1007.3,5.5,0.0,2026-05-18,18,15,5,4
"Karachi, Pakistan",2026-05-15 19:00:00,2026-05-15 19:00:00,83.8,28.7,118.2,19.5,11.8,2.4,0.2,34.5,72.5,1009.1,4.8,0.0,2026-05-18,19,15,5,4
"Karachi, Pakistan",2026-05-15 20:00:00,2026-05-15 20:00:00,81.1,28.1,111.5,15.7,12.3,1.5,0.33,35.8,72.2,1007.8,6.0,0.0,2026-05-18,20,15,5,4
"Karachi, Pakistan",2026-05-15 21:00:00,2026-05-15 21:00:00,84.0,26.8,117.1,21.0,13.5,1.7,0.37,34.6,78.0,1008.4,5.3,0.0,2026-05-18,21,15,5,4
"Karachi, Pakistan",2026-05-15 22:00:00,2026-05-15 22:00:00,84.2,26.6,119.8,14.9,14.8,2.5,0.26,32.9,74.8,1006.5,5.3,0.0,2026-05-18,22,15,5,4
"Karachi, Pakistan",2026-05-15 23:00:00,2026-05-15 23:00:00,81.3,24.9,112.3,16.5,14.9,4.5,0.34,34.5,73.3,1006.8,6.2,0.0,2026-05-18,23,15,5,4
"Karachi, Pakistan",2026-05-16 00:00:00,2026-05-16 00:00:00,74.8,24.2,100.2,14.9,5.6,5.2,0.31,33.0,74.2,1008.3,4.9,0.0,2026-05-19,0,16,5,5
"Karachi, Pakistan",2026-05-16 01:00:00,2026-05-16 01:00:00,69.6,21.2,94.9,21.3,7.3,2.6,0.39,32.2,76.4,1011.8,4.2,0.0,2026-05-19,1,16,5,5
"Karachi, Pakistan",2026-05-16 02:00:00,2026-05-16 02:00:00,64.1,19.1,81.0,25.0,9.2,4.5,0.29,32.1,74.8,1009.8,6.1,0.0,2026-05-19,2,16,5,5
"Karachi, Pakistan",2026-05-16 03:00:00,2026-05-16 03:00:00,61.2,16.3,71.9,21.2,4.5,1.0,0.28,31.3,75.2,1007.3,6.5,0.0,2026-05-19,3,16,5,5
"Karachi, Pakistan",2026-05-16 04:00:00,2026-05-16 04:00:00,57.8,14.5,68.9,22.4,7.4,0.2,0.35,29.1,80.1,1008.6,7.0,0.0,2026-05-19,4,16,5,5
"Karachi, Pakistan",2026-05-16 05:00:00,2026-05-16 05:00:00,62.0,19.0,76.4,16.9,8.0,3.9,0.34,29.9,80.3,1008.7,6.6,0.0,2026-05-19,5,16,5,5
"Karachi, Pakistan",2026-05-16 06:00:00,2026-05-16 06:00:00,69.0,21.6,91.6,8.6,12.3,4.8,0.11,29.5,79.4,1007.9,4.6,0.0,2026-05-19,6,16,5,5
"Karachi, Pakistan",2026-05-16 07:00:00,2026-05-16 07:00:00,72.1,21.7,96.5,8.8,7.4,2.4,0.34,29.0,76.6,1006.6,4.7,0.0,2026-05-19,7,16,5,5
"Karachi, Pakistan",2026-05-16 08:00:00,2026-05-16 08:00:00,77.1,22.6,103.5,16.5,4.3,2.9,0.27,28.1,81.1,1009.9,5.6,0.0,2026-05-19,8,16,5,5
"Karachi, Pakistan",2026-05-16 09:00:00,2026-05-16 09:00:00,72.3,22.0,98.1,12.4,6.4,4.2,0.23,29.5,79.4,1006.5,5.8,0.0,2026-05-19,9,16,5,5
"Karachi, Pakistan",2026-05-16 10:00:00,2026-05-16 10:00:00,78.6,25.4,110.2,19.4,10.2,5.2,0.26,29.2,81.0,1007.8,6.1,0.0,2026-05-19,10,16,5,5
"Karachi, Pakistan",2026-05-16 11:00:00,2026-05-16 11:00:00,74.3,24.9,101.6,8.7,4.9,2.5,0.1,29.2,76.6,1007.8,5.6,0.0,2026-05-19,11,16,5,5
"Karachi, Pakistan",2026-05-16 12:00:00,2026-05-16 12:00:00,79.9,25.3,111.7,21.0,7.2,4.2,0.22,29.1,78.3,1007.5,4.4,0.0,2026-05-19,12,16,5,5
"Karachi, Pakistan",2026-05-16 13:00:00,2026-05-16 13:00:00,74.4,24.0,104.4,22.9,8.5,4.1,0.13,30.1,75.2,1007.5,6.3,0.0,2026-05-19,13,16,5,5
"Karachi, Pakistan",2026-05-16 14:00:00,2026-05-16 14:00:00,71.8,22.7,95.6,16.9,9.7,5.5,0.18,33.0,75.0,1006.6,7.3,0.0,2026-05-19,14,16,5,5
"Karachi, Pakistan",2026-05-16 15:00:00,2026-05-16 15:00:00,77.7,25.1,107.1,24.1,8.5,3.7,0.39,30.2,76.6,1005.4,5.0,0.0,2026-05-19,15,16,5,5
"Karachi, Pakistan",2026-05-16 16:00:00,2026-05-16 16:00:00,79.4,26.2,109.4,16.6,9.4,1.9,0.39,33.9,70.0,1008.1,4.3,0.0,2026-05-19,16,16,5,5
"Karachi, Pakistan",2026-05-16 17:00:00,2026-05-16 17:00:00,76.7,23.4,103.4,29.6,8.9,0.4,0.28,34.1,71.4,1005.3,4.6,0.0,2026-05-19,17,16,5,5
"Karachi, Pakistan",2026-05-16 18:00:00,2026-05-16 18:00:00,76.4,23.2,107.0,18.4,10.4,3.1,0.23,34.9,74.5,1009.4,4.6,0.0,2026-05-19,18,16,5,5
"Karachi, Pakistan",2026-05-16 19:00:00,2026-05-16 19:00:00,74.4,24.1,103.0,23.1,10.9,3.9,0.2,34.0,73.0,1007.4,5.9,0.0,2026-05-19,19,16,5,5
"Karachi, Pakistan",2026-05-16 20:00:00,2026-05-16 20:00:00,76.9,23.5,108.9,19.6,7.0,3.9,0.13,34.9,73.9,1008.9,6.1,0.0,2026-05-19,20,16,5,5
"Karachi, Pakistan",2026-05-16 21:00:00,2026-05-16 21:00:00,73.6,24.4,100.3,22.4,9.6,3.7,0.26,36.3,69.3,1008.3,5.4,0.0,2026-05-19,21,16,5,5
"Karachi, Pakistan",2026-05-16 22:00:00,2026-05-16 22:00:00,70.7,22.4,92.9,9.1,6.1,3.1,0.12,34.2,69.7,1006.8,5.4,0.0,2026-05-19,22,16,5,5
"Karachi, Pakistan",2026-05-16 23:00:00,2026-05-16 23:00:00,70.4,22.6,93.0,17.9,12.1,5.4,0.1,33.4,73.4,1005.7,7.1,0.0,2026-05-19,23,16,5,5
"Karachi, Pakistan",2026-05-17 00:00:00,2026-05-17 00:00:00,68.5,21.0,85.3,24.5,11.3,4.8,0.15,33.1,77.5,1011.7,6.6,0.0,2026-05-20,0,17,5,6
"Karachi, Pakistan",2026-05-17 01:00:00,2026-05-17 01:00:00,58.9,16.0,73.1,28.7,10.4,1.1,0.28,31.5,77.5,1006.0,6.4,0.0,2026-05-20,1,17,5,6
"Karachi, Pakistan",2026-05-17 02:00:00,2026-05-17 02:00:00,64.9,17.3,81.2,26.8,7.6,5.2,0.28,31.2,78.6,1009.8,5.0,0.0,2026-05-20,2,17,5,6
"Karachi, Pakistan",2026-05-17 03:00:00,2026-05-17 03:00:00,61.3,15.2,72.2,14.9,6.2,2.5,0.22,31.6,76.4,1005.4,5.0,0.0,2026-05-20,3,17,5,6
"Karachi, Pakistan",2026-05-17 04:00:00,2026-05-17 04:00:00,61.9,17.1,76.1,25.1,4.1,0.0,0.25,28.6,82.9,1004.5,5.3,0.0,2026-05-20,4,17,5,6
"Karachi, Pakistan",2026-05-17 05:00:00,2026-05-17 05:00:00,64.3,18.7,79.2,13.2,7.7,1.4,0.31,30.5,76.1,1006.9,6.5,0.0,2026-05-20,5,17,5,6
"Karachi, Pakistan",2026-05-17 06:00:00,2026-05-17 06:00:00,65.6,17.7,86.1,16.9,6.8,1.9,0.16,28.6,78.6,1008.7,4.0,0.0,2026-05-20,6,17,5,6
"Karachi, Pakistan",2026-05-17 07:00:00,2026-05-17 07:00:00,72.8,23.1,98.0,15.3,13.1,4.8,0.45,27.4,80.9,1007.5,4.9,0.0,2026-05-20,7,17,5,6
"Karachi, Pakistan",2026-05-17 08:00:00,2026-05-17 08:00:00,70.0,20.6,92.3,16.2,6.8,5.0,0.33,27.4,84.3,1008.0,4.9,0.0,2026-05-20,8,17,5,6
"Karachi, Pakistan",2026-05-17 09:00:00,2026-05-17 09:00:00,74.9,22.9,103.3,10.8,8.8,3.6,0.26,28.3,75.8,1007.9,7.1,0.0,2026-05-20,9,17,5,6
"Karachi, Pakistan",2026-05-17 10:00:00,2026-05-17 10:00:00,75.2,21.6,100.6,20.1,6.5,1.3,0.38,27.7,78.8,1009.3,4.6,0.0,2026-05-20,10,17,5,6
"Karachi, Pakistan",2026-05-17 11:00:00,2026-05-17 11:00:00,73.5,21.8,99.2,8.0,5.5,2.6,0.15,30.5,77.3,1007.0,5.5,0.0,2026-05-20,11,17,5,6
"Karachi, Pakistan",2026-05-17 12:00:00,2026-05-17 12:00:00,77.3,25.0,110.4,21.6,8.8,4.6,0.14,28.8,78.4,1008.0,4.7,0.0,2026-05-20,12,17,5,6
"Karachi, Pakistan",2026-05-17 13:00:00,2026-05-17 13:00:00,74.9,24.2,101.5,11.9,6.6,2.6,0.36,30.3,78.2,1005.5,4.9,0.0,2026-05-20,13,17,5,6
"Karachi, Pakistan",2026-05-17 14:00:00,2026-05-17 14:00:00,75.5,23.5,103.3,21.9,8.9,2.6,0.22,30.5,76.2,1003.0,6.0,0.0,2026-05-20,14,17,5,6
"Karachi, Pakistan",2026-05-17 15:00:00,2026-05-17 15:00:00,74.3,23.2,97.2,28.4,9.8,3.5,0.33,31.5,79.2,1007.8,4.4,0.0,2026-05-20,15,17,5,6
"Karachi, Pakistan",2026-05-17 16:00:00,2026-05-17 16:00:00,67.9,21.1,91.7,20.0,4.3,2.1,0.4,32.2,77.7,1006.1,7.0,0.0,2026-05-20,16,17,5,6
"Karachi, Pakistan",2026-05-17 17:00:00,2026-05-17 17:00:00,68.9,20.0,87.8,21.2,8.2,7.2,0.11,34.5,70.3,1005.6,6.3,0.0,2026-05-20,17,17,5,6
"Karachi, Pakistan",2026-05-17 18:00:00,2026-05-17 18:00:00,73.6,22.6,100.5,27.8,8.4,3.6,0.11,34.6,72.5,1007.1,7.2,0.0,2026-05-20,18,17,5,6
"Karachi, Pakistan",2026-05-17 19:00:00,2026-05-17 19:00:00,75.5,23.6,102.2,14.5,11.8,4.5,0.35,35.5,70.8,1010.9,4.1,0.0,2026-05-20,19,17,5,6
"Karachi, Pakistan",2026-05-17 20:00:00,2026-05-17 20:00:00,76.5,26.3,106.6,17.2,7.4,2.3,0.16,35.8,69.4,1010.6,4.0,0.0,2026-05-20,20,17,5,6
"Karachi, Pakistan",2026-05-17 21:00:00,2026-05-17 21:00:00,72.8,23.8,99.7,20.5,6.7,2.1,0.35,36.6,71.9,1007.1,4.1,0.0,2026-05-20,21,17,5,6
"Karachi, Pakistan",2026-05-17 22:00:00,2026-05-17 22:00:00,75.4,23.1,103.0,22.2,9.4,4.7,0.33,34.9,71.1,1006.7,4.0,0.0,2026-05-20,22,17,5,6
"Karachi, Pakistan",2026-05-17 23:00:00,2026-05-17 23:00:00,71.2,22.4,95.3,9.7,7.9,2.9,0.35,35.1,73.5,1011.1,6.2,0.0,2026-05-20,23,17,5,6
"Karachi, Pakistan",2026-05-18 00:00:00,2026-05-18 00:00:00,76.8,24.2,106.1,23.5,11.7,1.9,0.39,31.9,75.7,1007.4,5.8,0.0,2026-05-21,0,18,5,0
"Karachi, Pakistan",2026-05-18 01:00:00,2026-05-18 01:00:00,69.1,20.2,91.2,28.4,10.9,2.6,0.22,32.0,77.5,1010.4,4.6,0.0,2026-05-21,1,18,5,0
"Karachi, Pakistan",2026-05-18 02:00:00,2026-05-18 02:00:00,66.4,17.8,87.0,19.5,15.9,4.4,0.36,31.2,73.1,1008.8,6.7,0.0,2026-05-21,2,18,5,0
"Karachi, Pakistan",2026-05-18 03:00:00,2026-05-18 03:00:00,68.6,21.7,93.2,24.6,12.6,1.7,0.28,29.2,78.8,1007.6,5.6,0.0,2026-05-21,3,18,5,0
"Karachi, Pakistan",2026-05-18 04:00:00,2026-05-18 04:00:00,69.8,22.1,94.6,16.9,15.5,5.2,0.27,29.6,74.4,1008.9,5.5,0.0,2026-05-21,4,18,5,0
"Karachi, Pakistan",2026-05-18 05:00:00,2026-05-18 05:00:00,72.6,22.0,95.2,17.1,14.3,0.3,0.39,28.9,76.1,1008.8,6.9,0.0,2026-05-21,5,18,5,0
"Karachi, Pakistan",2026-05-18 06:00:00,2026-05-18 06:00:00,77.2,23.4,104.1,16.8,19.4,2.4,0.21,29.2,82.8,1006.5,6.5,0.0,2026-05-21,6,18,5,0
"Karachi, Pakistan",2026-05-18 07:00:00,2026-05-18 07:00:00,86.9,29.2,127.0,11.0,9.3,4.1,0.23,28.0,77.7,1009.3,4.4,0.0,2026-05-21,7,18,5,0
"Karachi, Pakistan",2026-05-18 08:00:00,2026-05-18 08:00:00,94.5,32.3,140.1,18.1,12.3,2.3,0.29,27.2,80.8,1009.9,5.3,0.0,2026-05-21,8,18,5,0
"Karachi, Pakistan",2026-05-18 09:00:00,2026-05-18 09:00:00,96.9,35.3,144.2,13.2,13.9,3.7,0.49,28.1,81.3,1008.1,5.4,0.0,2026-05-21,9,18,5,0
"Karachi, Pakistan",2026-05-18 10:00:00,2026-05-18 10:00:00,103.6,37.2,152.0,12.3,14.1,0.0,0.24,28.9,80.0,1008.8,4.8,0.0,2026-05-21,10,18,5,0
"Karachi, Pakistan",2026-05-18 11:00:00,2026-05-18 11:00:00,107.6,39.8,166.0,17.9,12.2,3.2,0.24,29.4,73.9,1008.5,5.5,0.0,2026-05-21,11,18,5,0
"Karachi, Pakistan",2026-05-18 12:00:00,2026-05-18 12:00:00,112.2,39.9,177.5,9.2,17.8,3.5,0.36,29.1,78.3,1006.5,5.2,0.0,2026-05-21,12,18,5,0
"Karachi, Pakistan",2026-05-18 13:00:00,2026-05-18 13:00:00,106.5,37.8,164.5,20.7,13.2,1.1,0.34,30.4,79.7,1005.2,7.3,0.0,2026-05-21,13,18,5,0
"Karachi, Pakistan",2026-05-18 14:00:00,2026-05-18 14:00:00,111.2,38.7,170.6,19.0,14.3,5.7,0.36,30.8,81.9,1010.6,7.3,0.0,2026-05-21,14,18,5,0
"Karachi, Pakistan",2026-05-18 15:00:00,2026-05-18 15:00:00,110.7,40.3,171.5,22.6,14.3,2.3,0.32,33.2,73.5,1009.3,6.3,0.0,2026-05-21,15,18,5,0
"Karachi, Pakistan",2026-05-18 16:00:00,2026-05-18 16:00:00,105.6,37.8,156.7,23.9,11.4,5.5,0.25,33.4,77.7,1009.0,6.7,0.0,2026-05-21,16,18,5,0
"Karachi, Pakistan",2026-05-18 17:00:00,2026-05-18 17:00:00,111.4,42.8,176.0,22.5,14.0,0.9,0.14,35.2,68.3,1005.5,5.2,0.0,2026-05-21,17,18,5,0
"Karachi, Pakistan",2026-05-18 18:00:00,2026-05-18 18:00:00,111.1,41.9,172.6,20.1,13.5,2.6,0.19,35.1,73.3,1007.7,6.3,0.0,2026-05-21,18,18,5,0
"Karachi, Pakistan",2026-05-18 19:00:00,2026-05-18 19:00:00,117.0,42.7,181.3,25.5,13.8,3.2,0.22,34.5,72.0,1007.5,4.1,0.0,2026-05-21,19,18,5,0
"Karachi, Pakistan",2026-05-18 20:00:00,2026-05-18 20:00:00,112.7,41.8,175.2,13.3,15.4,7.2,0.23,34.4,74.4,1009.4,6.5,0.0,2026-05-21,20,18,5,0
"Karachi, Pakistan",2026-05-18 21:00:00,2026-05-18 21:00:00,108.6,40.4,167.8,18.7,13.7,0.6,0.2,36.8,69.6,1006.8,7.3,0.0,2026-05-21,21,18,5,0
"Karachi, Pakistan",2026-05-18 22:00:00,2026-05-18 22:00:00,110.3,40.7,169.3,22.0,15.8,2.7,0.32,34.6,74.0,1011.6,7.0,0.0,2026-05-21,22,18,5,0
"Karachi, Pakistan",2026-05-18 23:00:00,2026-05-18 23:00:00,104.3,37.3,158.2,8.0,17.9,2.6,0.31,33.9,76.5,1007.5,7.2,0.0,2026-05-21,23,18,5,0
"Karachi, Pakistan",2026-05-19 00:00:00,2026-05-19 00:00:00,108.9,38.2,166.6,19.2,14.2,1.9,0.19,34.1,72.8,1009.3,5.7,0.0,2026-05-22,0,19,5,1
"Karachi, Pakistan",2026-05-19 01:00:00,2026-05-19 01:00:00,104.1,37.2,155.7,22.6,16.0,6.2,0.11,33.3,74.8,1007.1,4.8,0.0,2026-05-22,1,19,5,1
"Karachi, Pakistan",2026-05-19 02:00:00,2026-05-19 02:00:00,101.3,38.1,153.1,20.3,12.1,3.4,0.26,30.7,74.9,1006.3,4.5,0.0,2026-05-22,2,19,5,1
"Karachi, Pakistan",2026-05-19 03:00:00,2026-05-19 03:00:00,98.9,34.5,150.3,16.9,19.9,4.3,0.27,30.5,78.6,1010.2,6.5,0.0,2026-05-22,3,19,5,1
"Karachi, Pakistan",2026-05-19 04:00:00,2026-05-19 04:00:00,96.0,34.8,142.3,19.5,12.8,2.6,0.32,30.0,77.3,1007.3,7.3,0.0,2026-05-22,4,19,5,1
"Karachi, Pakistan",2026-05-19 05:00:00,2026-05-19 05:00:00,100.3,36.4,146.4,11.5,13.0,5.2,0.32,28.2,82.6,1006.6,4.9,0.0,2026-05-22,5,19,5,1
"Karachi, Pakistan",2026-05-19 06:00:00,2026-05-19 06:00:00,101.6,35.5,150.8,20.2,16.1,3.8,0.31,28.3,77.3,1007.6,6.2,0.0,2026-05-22,6,19,5,1
"Karachi, Pakistan",2026-05-19 07:00:00,2026-05-19 07:00:00,101.3,37.2,152.8,17.9,15.1,4.6,0.46,27.7,84.5,1007.3,6.2,0.0,2026-05-22,7,19,5,1
"Karachi, Pakistan",2026-05-19 08:00:00,2026-05-19 08:00:00,104.7,37.8,158.5,15.7,16.6,3.2,0.26,27.4,82.0,1008.7,7.1,0.0,2026-05-22,8,19,5,1
"Karachi, Pakistan",2026-05-19 09:00:00,2026-05-19 09:00:00,110.6,41.8,171.1,7.9,13.8,4.3,0.32,26.7,83.0,1008.9,5.9,0.0,2026-05-22,9,19,5,1
"Karachi, Pakistan",2026-05-19 10:00:00,2026-05-19 10:00:00,114.4,42.8,173.2,18.5,13.5,3.6,0.36,29.0,80.3,1005.4,4.0,0.0,2026-05-22,10,19,5,1
"Karachi, Pakistan",2026-05-19 11:00:00,2026-05-19 11:00:00,115.4,43.1,176.0,11.0,13.3,1.2,0.26,28.3,78.1,1003.5,5.3,0.0,2026-05-22,11,19,5,1
"Karachi, Pakistan",2026-05-19 12:00:00,2026-05-19 12:00:00,115.4,42.5,177.5,9.1,11.0,4.1,0.26,28.6,81.8,1009.2,4.6,0.0,2026-05-22,12,19,5,1
"Karachi, Pakistan",2026-05-19 13:00:00,2026-05-19 13:00:00,111.4,40.0,173.8,22.7,16.5,4.9,0.16,31.2,77.5,1007.8,6.0,0.0,2026-05-22,13,19,5,1
"Karachi, Pakistan",2026-05-19 14:00:00,2026-05-19 14:00:00,109.8,39.1,169.8,13.5,12.8,2.3,0.11,32.3,77.1,1006.6,5.0,0.0,2026-05-22,14,19,5,1
"Karachi, Pakistan",2026-05-19 15:00:00,2026-05-19 15:00:00,107.3,39.2,163.4,17.4,15.9,4.1,0.2,31.5,74.0,1008.5,5.6,0.0,2026-05-22,15,19,5,1
"Karachi, Pakistan",2026-05-19 16:00:00,2026-05-19 16:00:00,105.9,37.6,157.0,25.0,13.5,5.8,0.34,34.6,72.3,1009.3,6.8,0.0,2026-05-22,16,19,5,1
"Karachi, Pakistan",2026-05-19 17:00:00,2026-05-19 17:00:00,109.6,39.9,163.8,15.7,11.9,3.8,0.24,33.7,75.0,1005.7,4.4,0.0,2026-05-22,17,19,5,1
"Karachi, Pakistan",2026-05-19 18:00:00,2026-05-19 18:00:00,100.0,35.8,153.2,28.6,12.7,0.0,0.28,34.4,72.7,1005.8,7.3,0.0,2026-05-22,18,19,5,1
"Karachi, Pakistan",2026-05-19 19:00:00,2026-05-19 19:00:00,104.8,38.6,162.1,16.4,17.6,3.4,0.22,34.5,70.8,1008.1,5.9,0.0,2026-05-22,19,19,5,1
"Karachi, Pakistan",2026-05-19 20:00:00,2026-05-19 20:00:00,104.1,38.3,157.7,13.3,16.0,2.8,0.23,33.7,72.2,1008.3,7.3,0.0,2026-05-22,20,19,5,1
"Karachi, Pakistan",2026-05-19 21:00:00,2026-05-19 21:00:00,108.7,38.2,164.1,17.0,12.5,1.5,0.11,35.4,68.9,1008.6,4.1,0.0,2026-05-22,21,19,5,1
"Karachi, Pakistan",2026-05-19 22:00:00,2026-05-19 22:00:00,103.3,38.9,156.5,16.9,14.7,4.4,0.2,34.5,75.2,1010.0,4.4,0.0,2026-05-22,22,19,5,1
"Karachi, Pakistan",2026-05-19 23:00:00,2026-05-19 23:00:00,96.0,33.4,141.3,11.5,15.9,2.0,0.17,34.2,72.1,1009.8,5.7,0.0,2026-05-22,23,19,5,1
"Karachi, Pakistan",2026-05-20 00:00:00,2026-05-20 00:00:00,91.7,29.8,131.8,26.5,11.8,4.7,0.22,31.9,74.5,1008.7,4.5,0.0,2026-05-23,0,20,5,2
"Karachi, Pakistan",2026-05-20 01:00:00,2026-05-20 01:00:00,80.8,26.2,113.1,26.6,16.4,5.6,0.25,31.3,73.8,1006.9,5.7,0.0,2026-05-23,1,20,5,2
"Karachi, Pakistan",2026-05-20 02:00:00,2026-05-20 02:00:00,76.9,25.0,107.2,28.7,12.3,3.7,0.12,30.8,77.5,1007.7,6.4,0.0,2026-05-23,2,20,5,2
"Karachi, Pakistan",2026-05-20 03:00:00,2026-05-20 03:00:00,75.0,22.6,101.3,24.0,14.6,1.8,0.16,30.1,79.6,1005.5,5.4,0.0,2026-05-23,3,20,5,2
"Karachi, Pakistan",2026-05-20 04:00:00,2026-05-20 04:00:00,67.3,19.8,85.4,22.0,14.3,5.1,0.16,29.7,74.1,1008.0,5.7,0.0,2026-05-23,4,20,5,2
"Karachi, Pakistan",2026-05-20 05:00:00,2026-05-20 05:00:00,66.3,20.3,85.5,12.9,16.2,4.2,0.18,28.6,79.7,1005.7,4.9,0.0,2026-05-23,5,20,5,2
"Karachi, Pakistan",2026-05-20 06:00:00,2026-05-20 06:00:00,70.4,21.3,96.2,18.6,11.8,2.7,0.27,27.8,81.9,1006.5,4.2,0.0,2026-05-23,6,20,5,2
"Karachi, Pakistan",2026-05-20 07:00:00,2026-05-20 07:00:00,64.5,17.0,81.0,10.9,16.2,5.5,0.33,28.2,80.4,1009.9,5.8,0.0,2026-05-23,7,20,5,2
"Karachi, Pakistan",2026-05-20 08:00:00,2026-05-20 08:00:00,74.3,23.6,104.1,17.5,12.7,5.1,0.44,27.7,77.5,1008.4,5.5,0.0,2026-05-23,8,20,5,2
"Karachi, Pakistan",2026-05-20 09:00:00,2026-05-20 09:00:00,76.2,22.9,104.8,17.9,12.3,2.8,0.35,27.7,76.4,1007.0,4.0,0.0,2026-05-23,9,20,5,2
"Karachi, Pakistan",2026-05-20 10:00:00,2026-05-20 10:00:00,78.9,27.3,108.8,16.4,13.0,2.4,0.24,27.8,82.4,1009.1,4.6,0.0,2026-05-23,10,20,5,2
"Karachi, Pakistan",2026-05-20 11:00:00,2026-05-20 11:00:00,79.3,27.3,112.0,6.7,16.1,0.0,0.11,28.5,81.0,1009.2,5.6,0.0,2026-05-23,11,20,5,2
"Karachi, Pakistan",2026-05-20 12:00:00,2026-05-20 12:00:00,80.5,26.1,113.6,9.7,17.2,2.1,0.18,30.4,79.3,1009.0,4.9,0.0,2026-05-23,12,20,5,2
"Karachi, Pakistan",2026-05-20 13:00:00,2026-05-20 13:00:00,74.4,24.0,99.6,15.1,13.4,4.0,0.24,29.5,79.5,1006.2,7.2,0.0,2026-05-23,13,20,5,2
"Karachi, Pakistan",2026-05-20 14:00:00,2026-05-20 14:00:00,76.1,25.8,102.4,26.0,17.1,1.6,0.16,31.5,72.9,1010.0,5.4,0.0,2026-05-23,14,20,5,2
"Karachi, Pakistan",2026-05-20 15:00:00,2026-05-20 15:00:00,75.0,23.8,98.6,22.1,14.4,3.6,0.38,32.4,74.2,1008.0,4.9,0.0,2026-05-23,15,20,5,2
"Karachi, Pakistan",2026-05-20 16:00:00,2026-05-20 16:00:00,75.1,24.4,103.9,24.0,14.0,1.8,0.35,33.7,74.6,1010.8,4.5,0.0,2026-05-23,16,20,5,2
"Karachi, Pakistan",2026-05-20 17:00:00,2026-05-20 17:00:00,72.5,20.4,95.9,20.3,16.6,5.0,0.16,33.4,75.3,1010.4,7.3,0.0,2026-05-23,17,20,5,2
"Karachi, Pakistan",2026-05-20 18:00:00,2026-05-20 18:00:00,77.4,23.8,110.0,28.1,13.4,5.0,0.34,34.5,75.5,1008.3,5.7,0.0,2026-05-23,18,20,5,2
"Karachi, Pakistan",2026-05-20 19:00:00,2026-05-20 19:00:00,80.8,27.6,109.6,21.1,14.4,1.3,0.27,34.1,75.1,1007.6,4.4,0.0,2026-05-23,19,20,5,2
"Karachi, Pakistan",2026-05-20 20:00:00,2026-05-20 20:00:00,78.7,25.6,108.6,19.7,11.3,5.3,0.15,35.9,66.9,1009.0,4.3,0.0,2026-05-23,20,20,5,2
"Karachi, Pakistan",2026-05-20 21:00:00,2026-05-20 21:00:00,77.3,26.2,104.7,18.3,17.3,1.3,0.38,33.4,74.6,1006.0,4.9,0.0,2026-05-23,21,20,5,2
"Karachi, Pakistan",2026-05-20 22:00:00,2026-05-20 22:00:00,71.9,23.3,94.1,9.4,15.2,5.3,0.13,34.2,71.7,1008.8,7.1,0.0,2026-05-23,22,20,5,2
"Karachi, Pakistan",2026-05-20 23:00:00,2026-05-20 23:00:00,72.0,23.1,96.5,12.3,15.3,1.3,0.28,34.9,69.9,1007.4,6.9,0.0,2026-05-23,23,20,5,2
"Karachi, Pakistan",2026-05-21 00:00:00,2026-05-21 00:00:00,73.9,23.5,101.9,23.8,12.2,3.3,0.4,33.2,70.6,1007.3,4.4,0.0,2026-05-24,0,21,5,3
"Karachi, Pakistan",2026-05-21 01:00:00,2026-05-21 01:00:00,66.4,18.4,87.5,18.8,11.6,2.8,0.23,32.1,76.8,1008.6,5.7,0.0,2026-05-24,1,21,5,3
"Karachi, Pakistan",2026-05-21 02:00:00,2026-05-21 02:00:00,69.8,22.5,90.4,26.0,11.7,4.5,0.27,31.6,74.5,1007.2,5.4,0.0,2026-05-24,2,21,5,3
"Karachi, Pakistan",2026-05-21 03:00:00,2026-05-21 03:00:00,69.0,21.2,89.6,15.6,11.4,3.2,0.35,29.9,81.4,1008.8,5.7,0.0,2026-05-24,3,21,5,3
"Karachi, Pakistan",2026-05-21 04:00:00,2026-05-21 04:00:00,64.0,16.7,82.1,16.3,10.1,2.9,0.35,30.1,74.4,1009.3,5.2,0.0,2026-05-24,4,21,5,3
"Karachi, Pakistan",2026-05-21 05:00:00,2026-05-21 05:00:00,62.2,17.2,82.3,23.0,14.2,4.6,0.33,28.6,77.4,1007.2,5.3,0.0,2026-05-24,5,21,5,3
"Karachi, Pakistan",2026-05-21 06:00:00,2026-05-21 06:00:00,64.0,18.2,80.4,12.0,12.6,5.9,0.37,28.9,79.2,1004.9,7.2,0.0,2026-05-24,6,21,5,3
"Karachi, Pakistan",2026-05-21 07:00:00,2026-05-21 07:00:00,75.5,24.7,102.4,10.8,12.2,5.7,0.24,29.1,79.5,1009.1,4.0,0.0,2026-05-24,7,21,5,3
"Karachi, Pakistan",2026-05-21 08:00:00,2026-05-21 08:00:00,71.9,23.1,95.8,11.5,9.6,5.2,0.43,26.8,79.0,1008.9,6.7,0.0,2026-05-24,8,21,5,3
"Karachi, Pakistan",2026-05-21 09:00:00,2026-05-21 09:00:00,74.2,22.8,99.7,14.8,16.2,4.2,0.47,28.3,80.0,1007.3,4.9,0.0,2026-05-24,9,21,5,3
"Karachi, Pakistan",2026-05-21 10:00:00,2026-05-21 10:00:00,71.5,21.4,95.1,20.1,16.7,6.0,0.35,29.3,77.0,1007.0,7.4,0.0,2026-05-24,10,21,5,3
"Karachi, Pakistan",2026-05-21 11:00:00,2026-05-21 11:00:00,77.4,24.1,105.2,8.9,16.1,4.8,0.21,28.7,82.3,1007.3,6.5,0.0,2026-05-24,11,21,5,3
"Karachi, Pakistan",2026-05-21 12:00:00,2026-05-21 12:00:00,83.4,28.9,116.1,11.4,14.2,1.2,0.15,30.3,77.8,1008.1,4.8,0.0,2026-05-24,12,21,5,3
"Karachi, Pakistan",2026-05-21 13:00:00,2026-05-21 13:00:00,80.4,26.7,111.8,20.8,16.4,4.0,0.3,32.1,73.7,1008.3,4.3,0.0,2026-05-24,13,21,5,3
"Karachi, Pakistan",2026-05-21 14:00:00,2026-05-21 14:00:00,78.0,24.6,107.9,19.0,13.7,4.7,0.33,33.3,75.6,1010.9,4.1,0.0,2026-05-24,14,21,5,3
"Karachi, Pakistan",2026-05-21 15:00:00,2026-05-21 15:00:00,73.2,22.0,96.6,14.3,13.2,3.2,0.17,33.6,75.3,1007.6,7.0,0.0,2026-05-24,15,21,5,3
"Karachi, Pakistan",2026-05-21 16:00:00,2026-05-21 16:00:00,78.9,25.3,107.4,19.8,7.7,3.5,0.14,34.0,74.5,1007.7,5.7,0.0,2026-05-24,16,21,5,3
"Karachi, Pakistan",2026-05-21 17:00:00,2026-05-21 17:00:00,72.4,23.4,99.4,22.1,10.9,3.1,0.25,34.0,76.8,1006.3,4.6,0.0,2026-05-24,17,21,5,3
"Karachi, Pakistan",2026-05-21 18:00:00,2026-05-21 18:00:00,73.1,23.0,99.0,26.1,12.7,3.0,0.15,34.4,72.0,1008.6,6.2,0.0,2026-05-24,18,21,5,3
"Karachi, Pakistan",2026-05-21 19:00:00,2026-05-21 19:00:00,75.0,23.9,102.2,18.5,14.4,4.7,0.34,33.9,74.3,1007.1,4.6,0.0,2026-05-24,19,21,5,3
"Karachi, Pakistan",2026-05-21 20:00:00,2026-05-21 20:00:00,71.4,23.8,95.9,23.8,12.8,2.9,0.2,35.8,71.4,1007.1,5.9,0.0,2026-05-24,20,21,5,3
"Karachi, Pakistan",2026-05-21 21:00:00,2026-05-21 21:00:00,72.4,23.4,96.0,14.1,11.1,3.6,0.2,35.8,73.7,1008.6,6.8,0.0,2026-05-24,21,21,5,3
"Karachi, Pakistan",2026-05-21 22:00:00,2026-05-21 22:00:00,71.0,21.9,94.0,15.6,16.3,5.3,0.38,34.1,74.2,1007.8,7.4,0.0,2026-05-24,22,21,5,3
"Karachi, Pakistan",2026-05-21 23:00:00,2026-05-21 23:00:00,68.4,21.0,89.2,7.8,13.9,4.8,0.35,33.4,69.3,1006.6,5.1,0.0,2026-05-24,23,21,5,3
"Karachi, Pakistan",2026-05-22 00:00:00,2026-05-22 00:00:00,68.2,20.4,87.1,16.1,12.0,3.9,0.1,31.7,77.1,1007.7,5.4,0.0,2026-05-25,0,22,5,4
"Karachi, Pakistan",2026-05-22 01:00:00,2026-05-22 01:00:00,69.0,20.7,90.8,30.0,15.8,4.8,0.17,31.5,75.2,1007.8,5.7,0.0,2026-05-25,1,22,5,4
"Karachi, Pakistan",2026-05-22 02:00:00,2026-05-22 02:00:00,59.8,14.8,78.0,18.0,12.2,4.2,0.18,32.0,75.6,1007.7,7.4,0.0,2026-05-25,2,22,5,4
"Karachi, Pakistan",2026-05-22 03:00:00,2026-05-22 03:00:00,61.4,17.7,77.3,22.2,14.5,1.4,0.34,30.0,77.7,1005.6,5.4,0.0,2026-05-25,3,22,5,4
"Karachi, Pakistan",2026-05-22 04:00:00,2026-05-22 04:00:00,61.8,18.1,77.3,18.4,15.6,3.6,0.25,28.5,77.3,1008.3,5.2,0.0,2026-05-25,4,22,5,4
"Karachi, Pakistan",2026-05-22 05:00:00,2026-05-22 05:00:00,69.4,20.3,90.8,19.5,13.1,4.9,0.28,29.6,77.8,1009.9,4.4,0.0,2026-05-25,5,22,5,4
"Karachi, Pakistan",2026-05-22 06:00:00,2026-05-22 06:00:00,66.7,18.5,86.0,15.8,15.1,5.4,0.31,28.3,80.1,1008.0,5.8,0.0,2026-05-25,6,22,5,4
"Karachi, Pakistan",2026-05-22 07:00:00,2026-05-22 07:00:00,66.8,21.9,87.4,14.6,18.4,3.6,0.35,27.8,79.8,1007.6,7.1,0.0,2026-05-25,7,22,5,4
"Karachi, Pakistan",2026-05-22 08:00:00,2026-05-22 08:00:00,73.3,24.6,101.5,7.7,15.2,2.7,0.29,27.4,80.0,1006.9,4.6,0.0,2026-05-25,8,22,5,4
"Karachi, Pakistan",2026-05-22 09:00:00,2026-05-22 09:00:00,75.0,25.9,99.8,9.9,15.1,3.0,0.45,28.3,77.2,1008.4,5.5,0.0,2026-05-25,9,22,5,4
"Karachi, Pakistan",2026-05-22 10:00:00,2026-05-22 10:00:00,74.2,20.2,100.6,10.5,16.1,5.9,0.49,30.2,74.8,1006.7,7.2,0.0,2026-05-25,10,22,5,4
"Karachi, Pakistan",2026-05-22 11:00:00,2026-05-22 11:00:00,81.4,25.1,113.8,12.0,14.0,3.2,0.26,28.2,79.4,1011.0,5.4,0.0,2026-05-25,11,22,5,4
"Karachi, Pakistan",2026-05-22 12:00:00,2026-05-22 12:00:00,78.1,27.8,109.8,20.9,13.4,4.8,0.23,28.9,81.5,1007.2,5.5,0.0,2026-05-25,12,22,5,4
"Karachi, Pakistan",2026-05-22 13:00:00,2026-05-22 13:00:00,79.2,26.7,111.6,13.7,11.0,3.1,0.1,30.5,74.6,1006.9,5.7,0.0,2026-05-25,13,22,5,4
"Karachi, Pakistan",2026-05-22 14:00:00,2026-05-22 14:00:00,77.8,23.3,108.8,12.4,12.3,5.9,0.23,31.2,76.6,1006.1,6.1,0.0,2026-05-25,14,22,5,4
"Karachi, Pakistan",2026-05-22 15:00:00,2026-05-22 15:00:00,80.1,24.2,113.0,20.2,13.8,5.9,0.26,30.1,76.5,1007.5,6.5,0.0,2026-05-25,15,22,5,4
"Karachi, Pakistan",2026-05-22 16:00:00,2026-05-22 16:00:00,83.3,25.6,114.9,26.1,12.6,5.6,0.11,34.1,74.5,1008.6,5.9,0.0,2026-05-25,16,22,5,4
"Karachi, Pakistan",2026-05-22 17:00:00,2026-05-22 17:00:00,82.3,25.3,114.5,16.4,12.2,3.7,0.28,34.6,72.5,1007.1,7.3,0.0,2026-05-25,17,22,5,4
"Karachi, Pakistan",2026-05-22 18:00:00,2026-05-22 18:00:00,85.0,28.0,122.7,17.0,10.0,2.8,0.28,35.1,72.7,1007.8,7.2,0.0,2026-05-25,18,22,5,4
"Karachi, Pakistan",2026-05-22 19:00:00,2026-05-22 19:00:00,92.1,32.5,135.7,20.0,14.3,4.7,0.35,36.2,69.5,1009.2,4.4,0.0,2026-05-25,19,22,5,4
"Karachi, Pakistan",2026-05-22 20:00:00,2026-05-22 20:00:00,87.4,29.5,126.3,20.2,10.0,1.6,0.37,33.9,72.4,1009.8,7.2,0.0,2026-05-25,20,22,5,4
"Karachi, Pakistan",2026-05-22 21:00:00,2026-05-22 21:00:00,91.2,31.9,132.2,20.5,18.4,2.2,0.24,35.1,69.1,1010.6,6.7,0.0,2026-05-25,21,22,5,4
"Karachi, Pakistan",2026-05-22 22:00:00,2026-05-22 22:00:00,92.4,32.4,133.0,21.2,15.1,4.0,0.33,34.1,72.6,1009.2,6.3,0.0,2026-05-25,22,22,5,4
"Karachi, Pakistan",2026-05-22 23:00:00,2026-05-22 23:00:00,94.3,32.3,137.0,10.8,15.6,6.0,0.3,33.2,75.5,1008.0,5.4,0.0,2026-05-25,23,22,5,4
"Karachi, Pakistan",2026-05-23 00:00:00,2026-05-23 00:00:00,87.2,28.6,126.9,20.1,8.8,3.1,0.33,34.2,78.0,1009.8,4.7,0.0,2026-05-26,0,23,5,5
"Karachi, Pakistan",2026-05-23 01:00:00,2026-05-23 01:00:00,80.3,26.6,112.5,27.4,8.5,3.8,0.38,33.1,73.9,1009.5,6.0,0.0,2026-05-26,1,23,5,5
"Karachi, Pakistan",2026-05-23 02:00:00,2026-05-23 02:00:00,83.5,29.8,115.6,16.7,6.8,5.8,0.16,29.6,76.0,1011.8,5.6,0.0,2026-05-26,2,23,5,5
"Karachi, Pakistan",2026-05-23 03:00:00,2026-05-23 03:00:00,81.4,25.5,115.2,17.8,9.2,2.2,0.32,30.2,78.5,1008.5,4.0,0.0,2026-05-26,3,23,5,5
"Karachi, Pakistan",2026-05-23 04:00:00,2026-05-23 04:00:00,74.9,23.8,101.4,24.1,8.0,5.0,0.21,29.3,80.2,1006.6,5.6,0.0,2026-05-26,4,23,5,5
"Karachi, Pakistan",2026-05-23 05:00:00,2026-05-23 05:00:00,81.2,28.6,114.9,11.7,4.5,6.1,0.33,28.0,83.8,1009.9,4.6,0.0,2026-05-26,5,23,5,5
"Karachi, Pakistan",2026-05-23 06:00:00,2026-05-23 06:00:00,83.0,27.5,114.1,21.4,6.3,4.1,0.24,28.0,81.8,1006.3,4.0,0.0,2026-05-26,6,23,5,5
"Karachi, Pakistan",2026-05-23 07:00:00,2026-05-23 07:00:00,86.2,27.4,126.1,9.6,7.8,3.4,0.26,27.2,82.0,1008.9,5.3,0.0,2026-05-26,7,23,5,5
"Karachi, Pakistan",2026-05-23 08:00:00,2026-05-23 08:00:00,90.7,32.0,132.6,18.4,7.4,3.1,0.38,27.5,75.6,1010.1,4.8,0.0,2026-05-26,8,23,5,5
"Karachi, Pakistan",2026-05-23 09:00:00,2026-05-23 09:00:00,97.6,33.5,147.8,15.6,7.8,4.1,0.27,28.7,77.2,1008.8,4.5,0.0,2026-05-26,9,23,5,5
"Karachi, Pakistan",2026-05-23 10:00:00,2026-05-23 10:00:00,93.4,31.6,142.1,15.9,5.3,1.8,0.2,29.4,78.0,1004.7,6.1,0.0,2026-05-26,10,23,5,5
"Karachi, Pakistan",2026-05-23 11:00:00,2026-05-23 11:00:00,92.9,33.1,138.3,7.7,6.1,6.0,0.2,28.4,81.5,1008.0,6.8,0.0,2026-05-26,11,23,5,5
"Karachi, Pakistan",2026-05-23 12:00:00,2026-05-23 12:00:00,94.5,34.1,138.1,9.5,10.0,1.0,0.38,29.9,75.9,1005.4,4.6,0.0,2026-05-26,12,23,5,5
"Karachi, Pakistan",2026-05-23 13:00:00,2026-05-23 13:00:00,87.1,28.9,125.8,22.5,9.3,6.8,0.31,29.4,81.9,1009.7,6.7,0.0,2026-05-26,13,23,5,5
"Karachi, Pakistan",2026-05-23 14:00:00,2026-05-23 14:00:00,86.7,28.7,124.5,25.8,8.2,3.1,0.14,30.4,78.1,1006.9,5.7,0.0,2026-05-26,14,23,5,5
"Karachi, Pakistan",2026-05-23 15:00:00,2026-05-23 15:00:00,81.4,27.0,115.9,20.7,7.8,6.3,0.19,31.8,75.8,1008.7,5.8,0.0,2026-05-26,15,23,5,5
"Karachi, Pakistan",2026-05-23 16:00:00,2026-05-23 16:00:00,80.9,27.9,110.5,26.5,8.9,3.2,0.14,33.4,73.7,1007.0,7.3,0.0,2026-05-26,16,23,5,5
"Karachi, Pakistan",2026-05-23 17:00:00,2026-05-23 17:00:00,78.0,24.2,107.8,29.5,3.5,1.7,0.29,34.9,70.4,1007.5,7.3,0.0,2026-05-26,17,23,5,5
"Karachi, Pakistan",2026-05-23 18:00:00,2026-05-23 18:00:00,72.8,21.8,98.0,28.6,6.6,2.8,0.28,35.0,70.8,1005.2,7.2,0.0,2026-05-26,18,23,5,5
"Karachi, Pakistan",2026-05-23 19:00:00,2026-05-23 19:00:00,84.9,29.6,117.8,15.8,7.2,3.0,0.28,35.0,73.5,1007.1,4.2,0.0,2026-05-26,19,23,5,5
"Karachi, Pakistan",2026-05-23 20:00:00,2026-05-23 20:00:00,77.1,25.8,105.4,15.4,8.4,5.2,0.12,35.9,69.2,1004.3,6.1,0.0,2026-05-26,20,23,5,5
"Karachi, Pakistan",2026-05-23 21:00:00,2026-05-23 21:00:00,73.3,21.2,100.5,10.4,6.4,5.7,0.23,34.1,74.8,1006.5,6.1,0.0,2026-05-26,21,23,5,5
"Karachi, Pakistan",2026-05-23 22:00:00,2026-05-23 22:00:00,70.0,21.0,95.4,11.0,11.0,3.5,0.2,34.7,69.7,1007.2,7.0,0.0,2026-05-26,22,23,5,5
"Karachi, Pakistan",2026-05-23 23:00:00,2026-05-23 23:00:00,73.0,22.5,100.3,17.0,10.3,2.7,0.26,33.1,72.7,1009.1,4.2,0.0,2026-05-26,23,23,5,5
"Karachi, Pakistan",2026-05-24 00:00:00,2026-05-24 00:00:00,57.6,17.4,70.3,17.5,9.1,2.1,0.3,33.1,73.6,1007.6,7.1,0.0,2026-05-27,0,24,5,6
"Karachi, Pakistan",2026-05-24 01:00:00,2026-05-24 01:00:00,58.0,17.5,70.6,23.9,7.4,3.2,0.16,33.7,72.7,1010.5,7.3,0.0,2026-05-27,1,24,5,6
"Karachi, Pakistan",2026-05-24 02:00:00,2026-05-24 02:00:00,58.8,17.2,70.7,20.0,8.4,2.6,0.27,32.1,77.3,1008.5,6.3,0.0,2026-05-27,2,24,5,6
"Karachi, Pakistan",2026-05-24 03:00:00,2026-05-24 03:00:00,54.9,14.4,64.3,26.7,5.8,4.7,0.3,30.7,76.3,1007.8,6.1,0.0,2026-05-27,3,24,5,6
"Karachi, Pakistan",2026-05-24 04:00:00,2026-05-24 04:00:00,60.1,13.8,71.2,20.4,7.8,4.2,0.1,29.9,78.0,1008.2,5.4,0.0,2026-05-27,4,24,5,6
"Karachi, Pakistan",2026-05-24 05:00:00,2026-05-24 05:00:00,60.8,17.3,74.5,21.6,11.5,6.2,0.31,28.6,79.8,1008.9,6.8,0.0,2026-05-27,5,24,5,6
"Karachi, Pakistan",2026-05-24 06:00:00,2026-05-24 06:00:00,67.9,20.8,86.7,20.1,9.3,2.0,0.32,27.8,77.7,1005.4,4.1,0.0,2026-05-27,6,24,5,6
"Karachi, Pakistan",2026-05-24 07:00:00,2026-05-24 07:00:00,61.9,15.9,77.3,20.1,7.1,2.4,0.36,28.3,80.1,1004.9,7.0,0.0,2026-05-27,7,24,5,6
"Karachi, Pakistan",2026-05-24 08:00:00,2026-05-24 08:00:00,68.4,22.1,90.8,11.3,8.3,4.0,0.39,27.5,78.7,1005.7,4.5,0.0,2026-05-27,8,24,5,6
"Karachi, Pakistan",2026-05-24 09:00:00,2026-05-24 09:00:00,71.7,22.7,97.2,19.8,9.2,4.5,0.31,27.9,82.6,1006.4,5.6,0.0,2026-05-27,9,24,5,6
"Karachi, Pakistan",2026-05-24 10:00:00,2026-05-24 10:00:00,71.1,23.1,97.2,8.5,7.9,3.5,0.46,28.7,75.7,1008.4,6.8,0.0,2026-05-27,10,24,5,6
"Karachi, Pakistan",2026-05-24 11:00:00,2026-05-24 11:00:00,72.4,21.9,94.5,16.0,7.3,4.2,0.36,29.6,81.4,1007.4,6.6,0.0,2026-05-27,11,24,5,6
"Karachi, Pakistan",2026-05-24 12:00:00,2026-05-24 12:00:00,73.5,22.5,97.3,21.6,9.4,0.5,0.3,30.5,78.5,1010.8,5.1,0.0,2026-05-27,12,24,5,6
"Karachi, Pakistan",2026-05-24 13:00:00,2026-05-24 13:00:00,66.1,20.7,84.3,14.6,10.5,3.2,0.2,30.3,74.3,1010.0,7.0,0.0,2026-05-27,13,24,5,6
"Karachi, Pakistan",2026-05-24 14:00:00,2026-05-24 14:00:00,74.2,23.2,97.5,13.2,9.0,6.3,0.31,32.0,74.0,1008.1,5.2,0.0,2026-05-27,14,24,5,6
"Karachi, Pakistan",2026-05-24 15:00:00,2026-05-24 15:00:00,69.8,23.0,93.8,28.4,8.5,1.9,0.29,33.0,74.3,1008.2,6.1,0.0,2026-05-27,15,24,5,6
"Karachi, Pakistan",2026-05-24 16:00:00,2026-05-24 16:00:00,68.9,21.6,89.2,19.5,9.4,2.1,0.22,33.5,71.7,1008.5,4.7,0.0,2026-05-27,16,24,5,6
"Karachi, Pakistan",2026-05-24 17:00:00,2026-05-24 17:00:00,68.8,19.8,89.5,25.7,7.3,5.3,0.17,34.4,72.6,1008.1,7.2,0.0,2026-05-27,17,24,5,6
"Karachi, Pakistan",2026-05-24 18:00:00,2026-05-24 18:00:00,73.1,24.2,97.3,28.3,4.8,3.1,0.38,33.9,71.6,1007.9,5.5,0.0,2026-05-27,18,24,5,6
"Karachi, Pakistan",2026-05-24 19:00:00,2026-05-24 19:00:00,66.6,18.6,86.8,21.2,10.1,3.4,0.18,33.6,71.8,1008.4,6.8,0.0,2026-05-27,19,24,5,6
"Karachi, Pakistan",2026-05-24 20:00:00,2026-05-24 20:00:00,73.3,22.8,101.8,17.2,10.0,3.5,0.32,34.7,69.5,1007.5,4.6,0.0,2026-05-27,20,24,5,6
"Karachi, Pakistan",2026-05-24 21:00:00,2026-05-24 21:00:00,73.4,22.0,97.1,14.5,5.8,6.3,0.37,34.8,73.7,1007.6,4.1,0.0,2026-05-27,21,24,5,6
"Karachi, Pakistan",2026-05-24 22:00:00,2026-05-24 22:00:00,63.6,18.5,78.4,9.8,7.2,1.8,0.28,35.0,70.4,1007.3,7.3,0.0,2026-05-27,22,24,5,6
"Karachi, Pakistan",2026-05-24 23:00:00,2026-05-24 23:00:00,69.5,21.8,94.7,11.2,11.4,1.5,0.1,34.5,70.9,1005.1,4.9,0.0,2026-05-27,23,24,5,6
"Karachi, Pakistan",2026-05-25 00:00:00,2026-05-25 00:00:00,68.1,20.7,85.9,16.4,13.3,1.7,0.25,33.2,73.4,1005.9,6.3,0.0,2026-05-28,0,25,5,0
"Karachi, Pakistan",2026-05-25 01:00:00,2026-05-25 01:00:00,65.8,17.3,83.1,29.2,16.8,3.6,0.11,32.4,75.9,1010.0,7.3,0.0,2026-05-28,1,25,5,0
"Karachi, Pakistan",2026-05-25 02:00:00,2026-05-25 02:00:00,64.8,17.1,83.6,17.3,13.4,3.8,0.15,31.8,74.2,1008.8,5.5,0.0,2026-05-28,2,25,5,0
"Karachi, Pakistan",2026-05-25 03:00:00,2026-05-25 03:00:00,66.1,19.2,86.8,13.6,15.3,3.8,0.14,30.4,76.8,1007.5,5.3,0.0,2026-05-28,3,25,5,0
"Karachi, Pakistan",2026-05-25 04:00:00,2026-05-25 04:00:00,61.7,16.1,75.1,22.8,14.6,2.7,0.38,30.9,79.7,1007.4,6.7,0.0,2026-05-28,4,25,5,0
"Karachi, Pakistan",2026-05-25 05:00:00,2026-05-25 05:00:00,60.0,15.2,72.9,13.0,17.0,3.7,0.31,30.1,80.9,1007.5,7.2,0.0,2026-05-28,5,25,5,0
"Karachi, Pakistan",2026-05-25 06:00:00,2026-05-25 06:00:00,68.9,21.3,88.2,17.3,12.6,5.5,0.31,27.0,81.1,1008.0,4.2,0.0,2026-05-28,6,25,5,0
"Karachi, Pakistan",2026-05-25 07:00:00,2026-05-25 07:00:00,72.8,23.8,97.2,15.3,14.7,2.5,0.32,26.6,84.0,1007.8,4.5,0.0,2026-05-28,7,25,5,0
"Karachi, Pakistan",2026-05-25 08:00:00,2026-05-25 08:00:00,75.0,24.2,101.6,11.0,14.4,5.8,0.28,27.2,80.8,1006.7,4.3,0.0,2026-05-28,8,25,5,0
"Karachi, Pakistan",2026-05-25 09:00:00,2026-05-25 09:00:00,73.3,21.5,98.5,14.4,13.9,5.4,0.35,28.7,77.8,1007.6,6.9,0.0,2026-05-28,9,25,5,0
"Karachi, Pakistan",2026-05-25 10:00:00,2026-05-25 10:00:00,76.1,22.7,104.6,12.0,16.6,5.4,0.32,28.5,78.3,1009.5,7.1,0.0,2026-05-28,10,25,5,0
"Karachi, Pakistan",2026-05-25 11:00:00,2026-05-25 11:00:00,82.6,27.1,114.9,11.1,13.6,4.0,0.2,28.1,80.4,1007.9,4.1,0.0,2026-05-28,11,25,5,0
"Karachi, Pakistan",2026-05-25 12:00:00,2026-05-25 12:00:00,80.6,28.1,111.5,10.8,17.0,3.2,0.35,29.8,76.0,1009.0,4.5,0.0,2026-05-28,12,25,5,0
"Karachi, Pakistan",2026-05-25 13:00:00,2026-05-25 13:00:00,73.6,21.4,97.2,16.0,13.8,7.0,0.19,31.8,73.3,1008.4,6.0,0.0,2026-05-28,13,25,5,0
"Karachi, Pakistan",2026-05-25 14:00:00,2026-05-25 14:00:00,79.3,24.2,108.8,26.9,15.4,4.1,0.2,31.2,75.1,1008.1,5.9,0.0,2026-05-28,14,25,5,0
"Karachi, Pakistan",2026-05-25 15:00:00,2026-05-25 15:00:00,74.9,23.3,101.5,22.5,13.3,5.5,0.29,32.5,73.8,1006.5,7.1,0.0,2026-05-28,15,25,5,0
"Karachi, Pakistan",2026-05-25 16:00:00,2026-05-25 16:00:00,71.5,22.2,93.8,26.0,17.7,6.3,0.13,33.0,75.1,1009.3,6.5,0.0,2026-05-28,16,25,5,0
"Karachi, Pakistan",2026-05-25 17:00:00,2026-05-25 17:00:00,73.1,23.6,99.3,16.8,13.8,4.4,0.23,33.7,78.5,1008.3,7.2,0.0,2026-05-28,17,25,5,0
"Karachi, Pakistan",2026-05-25 18:00:00,2026-05-25 18:00:00,74.5,24.4,104.2,23.1,14.5,1.8,0.35,34.5,74.0,1008.9,5.9,0.0,2026-05-28,18,25,5,0
"Karachi, Pakistan",2026-05-25 19:00:00,2026-05-25 19:00:00,68.1,19.5,88.7,24.9,13.1,0.1,0.19,34.5,75.1,1007.6,7.0,0.0,2026-05-28,19,25,5,0
"Karachi, Pakistan",2026-05-25 20:00:00,2026-05-25 20:00:00,71.7,22.1,95.8,15.7,14.6,4.7,0.3,35.3,71.9,1008.9,6.3,0.0,2026-05-28,20,25,5,0
"Karachi, Pakistan",2026-05-25 21:00:00,2026-05-25 21:00:00,70.7,21.4,95.2,14.4,14.5,3.8,0.14,34.8,71.4,1011.0,6.7,0.0,2026-05-28,21,25,5,0
"Karachi, Pakistan",2026-05-25 22:00:00,2026-05-25 22:00:00,74.9,23.1,104.2,10.6,13.8,5.2,0.17,33.6,72.5,1009.8,5.3,0.0,2026-05-28,22,25,5,0
"Karachi, Pakistan",2026-05-25 23:00:00,2026-05-25 23:00:00,67.5,19.9,87.4,7.2,13.8,4.0,0.23,33.9,73.4,1006.3,7.2,0.0,2026-05-28,23,25,5,0
"Karachi, Pakistan",2026-05-26 00:00:00,2026-05-26 00:00:00,70.5,21.3,98.1,20.6,17.3,2.0,0.13,33.5,76.5,1005.7,5.1,0.0,2026-05-29,0,26,5,1
"Karachi, Pakistan",2026-05-26 01:00:00,2026-05-26 01:00:00,66.4,18.9,85.8,17.6,14.5,6.5,0.4,31.0,75.6,1009.7,4.1,0.0,2026-05-29,1,26,5,1
"Karachi, Pakistan",2026-05-26 02:00:00,2026-05-26 02:00:00,57.6,16.5,64.8,27.1,12.2,1.8,0.37,30.8,78.1,1009.0,7.0,0.0,2026-05-29,2,26,5,1
"Karachi, Pakistan",2026-05-26 03:00:00,2026-05-26 03:00:00,62.5,17.8,74.7,17.6,13.9,1.8,0.32,29.4,77.4,1007.3,5.9,0.0,2026-05-29,3,26,5,1
"Karachi, Pakistan",2026-05-26 04:00:00,2026-05-26 04:00:00,64.2,18.5,81.8,16.9,15.6,5.5,0.13,28.7,82.3,1008.6,5.0,0.0,2026-05-29,4,26,5,1
"Karachi, Pakistan",2026-05-26 05:00:00,2026-05-26 05:00:00,64.2,19.1,81.5,25.0,16.7,3.9,0.14,28.1,78.2,1007.4,4.4,0.0,2026-05-29,5,26,5,1
"Karachi, Pakistan",2026-05-26 06:00:00,2026-05-26 06:00:00,64.5,17.7,83.5,12.8,19.5,3.6,0.22,29.8,76.6,1007.7,4.7,0.0,2026-05-29,6,26,5,1
"Karachi, Pakistan",2026-05-26 07:00:00,2026-05-26 07:00:00,70.8,21.1,92.0,13.6,17.6,3.8,0.39,27.5,81.4,1007.1,4.4,0.0,2026-05-29,7,26,5,1
"Karachi, Pakistan",2026-05-26 08:00:00,2026-05-26 08:00:00,69.7,21.3,89.7,18.3,12.3,3.6,0.35,28.8,75.6,1007.1,5.1,0.0,2026-05-29,8,26,5,1
"Karachi, Pakistan",2026-05-26 09:00:00,2026-05-26 09:00:00,71.4,22.2,93.2,8.7,17.9,1.5,0.22,28.4,83.6,1008.1,7.2,0.0,2026-05-29,9,26,5,1
"Karachi, Pakistan",2026-05-26 10:00:00,2026-05-26 10:00:00,70.3,22.6,93.3,15.6,15.1,3.2,0.42,27.9,78.8,1007.4,7.5,0.0,2026-05-29,10,26,5,1
"Karachi, Pakistan",2026-05-26 11:00:00,2026-05-26 11:00:00,74.9,24.8,102.9,6.5,16.2,2.1,0.24,29.3,75.3,1010.8,7.0,0.0,2026-05-29,11,26,5,1
"Karachi, Pakistan",2026-05-26 12:00:00,2026-05-26 12:00:00,77.4,25.2,105.4,8.9,13.1,1.9,0.25,29.0,76.4,1005.8,4.6,0.0,2026-05-29,12,26,5,1
"Karachi, Pakistan",2026-05-26 13:00:00,2026-05-26 13:00:00,69.9,20.5,96.1,21.8,12.9,3.4,0.38,30.9,77.7,1007.7,6.6,0.0,2026-05-29,13,26,5,1
"Karachi, Pakistan",2026-05-26 14:00:00,2026-05-26 14:00:00,74.3,23.6,98.9,23.6,14.1,5.3,0.3,31.3,76.3,1009.2,6.7,0.0,2026-05-29,14,26,5,1
"Karachi, Pakistan",2026-05-26 15:00:00,2026-05-26 15:00:00,70.3,21.6,90.9,18.9,15.3,6.2,0.1,32.1,76.0,1010.3,7.1,0.0,2026-05-29,15,26,5,1
"Karachi, Pakistan",2026-05-26 16:00:00,2026-05-26 16:00:00,73.0,21.1,96.2,24.0,13.4,5.2,0.36,33.5,73.7,1007.7,4.3,0.0,2026-05-29,16,26,5,1
"Karachi, Pakistan",2026-05-26 17:00:00,2026-05-26 17:00:00,72.3,23.0,93.3,21.0,13.2,1.7,0.25,33.9,72.5,1007.3,4.6,0.0,2026-05-29,17,26,5,1
"Karachi, Pakistan",2026-05-26 18:00:00,2026-05-26 18:00:00,76.7,26.2,103.9,26.0,13.8,4.4,0.1,33.7,74.0,1009.0,4.2,0.0,2026-05-29,18,26,5,1
"Karachi, Pakistan",2026-05-26 19:00:00,2026-05-26 19:00:00,81.3,26.3,113.7,28.2,15.4,0.7,0.11,35.4,71.9,1008.5,4.7,0.0,2026-05-29,19,26,5,1
"Karachi, Pakistan",2026-05-26 20:00:00,2026-05-26 20:00:00,77.4,24.4,104.3,14.7,13.2,2.6,0.25,34.8,70.4,1008.2,6.4,0.0,2026-05-29,20,26,5,1
"Karachi, Pakistan",2026-05-26 21:00:00,2026-05-26 21:00:00,82.3,27.5,112.7,20.8,14.2,5.0,0.35,34.6,71.3,1009.5,7.2,0.0,2026-05-29,21,26,5,1
"Karachi, Pakistan",2026-05-26 22:00:00,2026-05-26 22:00:00,86.7,29.4,121.6,14.9,15.7,0.8,0.2,34.6,71.3,1009.3,5.8,0.0,2026-05-29,22,26,5,1
"Karachi, Pakistan",2026-05-26 23:00:00,2026-05-26 23:00:00,91.6,31.4,135.5,10.6,12.1,3.0,0.28,32.8,74.1,1009.7,4.6,0.0,2026-05-29,23,26,5,1
"Karachi, Pakistan",2026-05-27 00:00:00,2026-05-27 00:00:00,81.9,28.0,112.6,15.8,15.6,3.1,0.38,32.8,75.2,1007.8,6.7,0.0,2026-05-30,0,27,5,2
"Karachi, Pakistan",2026-05-27 01:00:00,2026-05-27 01:00:00,86.9,28.8,125.8,24.4,16.9,3.8,0.39,32.2,76.6,1007.5,5.6,0.0,2026-05-30,1,27,5,2
"Karachi, Pakistan",2026-05-27 02:00:00,2026-05-27 02:00:00,80.4,26.2,108.4,19.7,14.5,6.7,0.26,31.4,72.7,1011.1,6.6,0.0,2026-05-30,2,27,5,2
"Karachi, Pakistan",2026-05-27 03:00:00,2026-05-27 03:00:00,85.6,29.7,121.5,20.3,13.0,3.2,0.39,30.2,78.5,1006.1,6.0,0.0,2026-05-30,3,27,5,2
"Karachi, Pakistan",2026-05-27 04:00:00,2026-05-27 04:00:00,87.0,30.1,126.7,19.6,13.5,2.7,0.27,30.1,80.1,1006.0,5.0,0.0,2026-05-30,4,27,5,2
"Karachi, Pakistan",2026-05-27 05:00:00,2026-05-27 05:00:00,87.8,29.3,122.7,16.2,16.0,1.7,0.26,29.8,74.3,1006.8,7.3,0.0,2026-05-30,5,27,5,2
"Karachi, Pakistan",2026-05-27 06:00:00,2026-05-27 06:00:00,96.9,36.0,146.5,16.3,12.2,1.0,0.35,29.4,80.2,1005.8,4.2,0.0,2026-05-30,6,27,5,2
"Karachi, Pakistan",2026-05-27 07:00:00,2026-05-27 07:00:00,92.5,30.9,139.1,10.4,15.6,4.4,0.29,28.5,80.4,1008.9,4.6,0.0,2026-05-30,7,27,5,2
"Karachi, Pakistan",2026-05-27 08:00:00,2026-05-27 08:00:00,96.6,33.7,141.8,17.4,15.3,3.3,0.34,27.8,78.6,1009.4,4.4,0.0,2026-05-30,8,27,5,2
"Karachi, Pakistan",2026-05-27 09:00:00,2026-05-27 09:00:00,100.8,38.1,150.1,9.1,12.9,1.3,0.3,28.2,79.6,1008.5,5.1,0.0,2026-05-30,9,27,5,2
"Karachi, Pakistan",2026-05-27 10:00:00,2026-05-27 10:00:00,105.4,38.0,160.9,8.0,18.3,0.8,0.2,29.6,78.9,1009.6,4.4,0.0,2026-05-30,10,27,5,2
"Karachi, Pakistan",2026-05-27 11:00:00,2026-05-27 11:00:00,101.3,36.9,155.8,10.9,11.8,2.6,0.29,28.6,77.2,1007.9,5.5,0.0,2026-05-30,11,27,5,2
"Karachi, Pakistan",2026-05-27 12:00:00,2026-05-27 12:00:00,98.7,35.1,150.6,13.5,15.8,0.9,0.4,30.0,79.9,1008.5,5.2,0.0,2026-05-30,12,27,5,2
"Karachi, Pakistan",2026-05-27 13:00:00,2026-05-27 13:00:00,105.1,37.5,158.7,23.4,9.6,2.4,0.31,31.5,75.3,1011.7,4.1,0.0,2026-05-30,13,27,5,2
"Karachi, Pakistan",2026-05-27 14:00:00,2026-05-27 14:00:00,100.0,33.7,151.7,18.7,13.1,2.8,0.3,32.7,78.5,1005.9,5.8,0.0,2026-05-30,14,27,5,2
"Karachi, Pakistan",2026-05-27 15:00:00,2026-05-27 15:00:00,101.8,36.8,150.7,21.2,12.3,5.1,0.3,31.9,71.9,1009.5,4.5,0.0,2026-05-30,15,27,5,2
"Karachi, Pakistan",2026-05-27 16:00:00,2026-05-27 16:00:00,98.7,32.7,147.1,15.9,10.6,4.4,0.39,32.7,77.6,1007.9,4.3,0.0,2026-05-30,16,27,5,2
"Karachi, Pakistan",2026-05-27 17:00:00,2026-05-27 17:00:00,96.5,33.6,142.9,29.6,16.2,5.4,0.26,33.7,72.7,1009.1,5.7,0.0,2026-05-30,17,27,5,2
"Karachi, Pakistan",2026-05-27 18:00:00,2026-05-27 18:00:00,100.3,37.0,149.6,16.1,12.8,2.2,0.21,35.6,73.8,1011.7,5.1,0.0,2026-05-30,18,27,5,2
"Karachi, Pakistan",2026-05-27 19:00:00,2026-05-27 19:00:00,94.4,34.2,137.9,22.6,11.9,4.7,0.4,35.1,69.7,1009.8,7.2,0.0,2026-05-30,19,27,5,2
"Karachi, Pakistan",2026-05-27 20:00:00,2026-05-27 20:00:00,100.2,35.0,149.9,12.1,10.2,4.7,0.24,33.9,74.6,1009.1,5.0,0.0,2026-05-30,20,27,5,2
"Karachi, Pakistan",2026-05-27 21:00:00,2026-05-27 21:00:00,100.3,36.1,150.3,18.8,16.4,4.4,0.18,34.6,70.6,1008.3,5.7,0.0,2026-05-30,21,27,5,2
"Karachi, Pakistan",2026-05-27 22:00:00,2026-05-27 22:00:00,101.2,34.9,155.0,12.8,11.9,3.6,0.16,34.5,73.9,1010.2,4.6,0.0,2026-05-30,22,27,5,2
"Karachi, Pakistan",2026-05-27 23:00:00,2026-05-27 23:00:00,99.3,35.7,149.9,8.2,14.2,5.4,0.39,33.9,70.5,1008.6,4.5,0.0,2026-05-30,23,27,5,2
"Karachi, Pakistan",2026-05-28 00:00:00,2026-05-28 00:00:00,93.2,32.6,135.0,19.5,16.5,2.3,0.34,33.0,77.1,1008.0,4.7,0.0,2026-05-31,0,28,5,3
"Karachi, Pakistan",2026-05-28 01:00:00,2026-05-28 01:00:00,91.3,30.9,134.6,19.9,11.1,5.2,0.33,32.0,76.5,1006.4,4.2,0.0,2026-05-31,1,28,5,3
"Karachi, Pakistan",2026-05-28 02:00:00,2026-05-28 02:00:00,81.2,26.7,112.8,16.9,13.1,3.2,0.35,30.6,79.5,1005.8,6.7,0.0,2026-05-31,2,28,5,3
"Karachi, Pakistan",2026-05-28 03:00:00,2026-05-28 03:00:00,80.3,26.4,115.9,27.0,15.4,2.1,0.25,30.2,78.6,1007.6,5.3,0.0,2026-05-31,3,28,5,3
"Karachi, Pakistan",2026-05-28 04:00:00,2026-05-28 04:00:00,72.2,23.3,94.4,26.0,15.7,5.4,0.21,29.6,79.4,1007.9,6.6,0.0,2026-05-31,4,28,5,3
"Karachi, Pakistan",2026-05-28 05:00:00,2026-05-28 05:00:00,73.4,20.5,100.6,14.0,15.6,2.3,0.39,29.3,80.2,1006.7,5.9,0.0,2026-05-31,5,28,5,3
"Karachi, Pakistan",2026-05-28 06:00:00,2026-05-28 06:00:00,75.1,22.6,101.7,15.1,15.9,3.7,0.28,27.7,80.9,1007.9,6.7,0.0,2026-05-31,6,28,5,3
"Karachi, Pakistan",2026-05-28 07:00:00,2026-05-28 07:00:00,76.5,24.4,106.1,11.4,12.9,4.6,0.38,27.1,78.1,1008.6,7.5,0.0,2026-05-31,7,28,5,3
